"Mandarin Oriental, Boston",433808386,Sleep Quality,5
"Mandarin Oriental, Boston",433808386,Service,5
"Mandarin Oriental, Boston",433808386,Rooms,5
"Mandarin Oriental, Boston",433271969,Service,5
"Mandarin Oriental, Boston",433271969,Location,5
"Mandarin Oriental, Boston",433271969,Rooms,5
"Mandarin Oriental, Boston",432256031,Service,5
"Mandarin Oriental, Boston",432256031,Location,5
"Mandarin Oriental, Boston",431896117,Value,4
"Mandarin Oriental, Boston",431896117,Sleep Quality,5
"Mandarin Oriental, Boston",431896117,Service,5
"Mandarin Oriental, Boston",431440004,Value,5
"Mandarin Oriental, Boston",431440004,Sleep Quality,5
"Mandarin Oriental, Boston",431440004,Service,5
"Mandarin Oriental, Boston",431440004,Location,5
"Mandarin Oriental, Boston",431440004,Rooms,5
"Mandarin Oriental, Boston",429968924,Sleep Quality,5
"Mandarin Oriental, Boston",429968924,Service,5
"Mandarin Oriental, Boston",429968924,Location,5
"Mandarin Oriental, Boston",429642876,Service,5
"Mandarin Oriental, Boston",429642876,Rooms,4
"Mandarin Oriental, Boston",427621124,Value,5
"Mandarin Oriental, Boston",427621124,Sleep Quality,5
"Mandarin Oriental, Boston",427621124,Service,5
"Mandarin Oriental, Boston",427621124,Location,5
"Mandarin Oriental, Boston",427621124,Rooms,5
"Mandarin Oriental, Boston",426345753,Value,4
"Mandarin Oriental, Boston",426345753,Sleep Quality,5
"Mandarin Oriental, Boston",426345753,Service,5
"Mandarin Oriental, Boston",422447086,Sleep Quality,4
"Mandarin Oriental, Boston",422447086,Service,3
"Mandarin Oriental, Boston",422447086,Rooms,3
"Mandarin Oriental, Boston",422187626,Sleep Quality,5
"Mandarin Oriental, Boston",422187626,Service,5
"Mandarin Oriental, Boston",421712191,Service,5
"Mandarin Oriental, Boston",421712191,Rooms,4
"Mandarin Oriental, Boston",421423287,Value,2
"Mandarin Oriental, Boston",421423287,Sleep Quality,2
"Mandarin Oriental, Boston",421423287,Service,4
"Mandarin Oriental, Boston",421423287,Location,3
"Mandarin Oriental, Boston",421423287,Rooms,3
"Mandarin Oriental, Boston",420936839,Value,5
"Mandarin Oriental, Boston",420936839,Service,5
"Mandarin Oriental, Boston",420936839,Location,5
"Mandarin Oriental, Boston",417501733,Value,3
"Mandarin Oriental, Boston",417501733,Service,5
"Mandarin Oriental, Boston",417501733,Location,5
"Mandarin Oriental, Boston",416271784,Value,5
"Mandarin Oriental, Boston",416271784,Service,5
"Mandarin Oriental, Boston",416271784,Rooms,5
"Mandarin Oriental, Boston",415981218,Sleep Quality,5
"Mandarin Oriental, Boston",415981218,Service,5
"Mandarin Oriental, Boston",415981218,Location,5
"Mandarin Oriental, Boston",415865283,Sleep Quality,5
"Mandarin Oriental, Boston",415865283,Service,5
"Mandarin Oriental, Boston",415865283,Rooms,5
"Mandarin Oriental, Boston",412723724,Value,4
"Mandarin Oriental, Boston",412723724,Sleep Quality,4
"Mandarin Oriental, Boston",412723724,Service,5
"Mandarin Oriental, Boston",412723724,Location,5
"Mandarin Oriental, Boston",412723724,Rooms,5
"Mandarin Oriental, Boston",412638602,Sleep Quality,5
"Mandarin Oriental, Boston",412638602,Service,5
"Mandarin Oriental, Boston",410277862,Value,5
"Mandarin Oriental, Boston",410277862,Service,5
"Mandarin Oriental, Boston",410277862,Location,5
"Mandarin Oriental, Boston",408020475,Service,5
"Mandarin Oriental, Boston",408020475,Location,5
"Mandarin Oriental, Boston",408020475,Rooms,5
"Mandarin Oriental, Boston",406631239,Value,5
"Mandarin Oriental, Boston",406631239,Service,5
"Mandarin Oriental, Boston",405951903,Value,5
"Mandarin Oriental, Boston",405951903,Sleep Quality,5
"Mandarin Oriental, Boston",405951903,Service,5
"Mandarin Oriental, Boston",405951903,Location,5
"Mandarin Oriental, Boston",405951903,Rooms,5
"Mandarin Oriental, Boston",401694447,Value,5
"Mandarin Oriental, Boston",401694447,Sleep Quality,5
"Mandarin Oriental, Boston",401694447,Service,5
"Mandarin Oriental, Boston",401694447,Location,5
"Mandarin Oriental, Boston",401694447,Rooms,5
"Mandarin Oriental, Boston",401167157,Sleep Quality,5
"Mandarin Oriental, Boston",401167157,Service,5
"Mandarin Oriental, Boston",401167157,Location,5
"Mandarin Oriental, Boston",400478951,Sleep Quality,5
"Mandarin Oriental, Boston",400478951,Service,5
"Mandarin Oriental, Boston",400478951,Location,5
"Mandarin Oriental, Boston",400471975,Value,5
"Mandarin Oriental, Boston",400471975,Sleep Quality,5
"Mandarin Oriental, Boston",400471975,Service,5
"Mandarin Oriental, Boston",399666498,Value,4
"Mandarin Oriental, Boston",399666498,Service,5
"Mandarin Oriental, Boston",396264189,Value,5
"Mandarin Oriental, Boston",396264189,Service,5
"Mandarin Oriental, Boston",396147790,Value,4
"Mandarin Oriental, Boston",396147790,Service,4
"Mandarin Oriental, Boston",396147790,Location,5
"Mandarin Oriental, Boston",395236233,Service,5
"Mandarin Oriental, Boston",395236233,Rooms,5
"Mandarin Oriental, Boston",393907321,Service,5
"Mandarin Oriental, Boston",393907321,Rooms,5
"Mandarin Oriental, Boston",391417387,Value,5
"Mandarin Oriental, Boston",391417387,Sleep Quality,5
"Mandarin Oriental, Boston",391417387,Service,5
"Mandarin Oriental, Boston",391417387,Location,5
"Mandarin Oriental, Boston",391417387,Rooms,5
"Mandarin Oriental, Boston",390392782,Value,4
"Mandarin Oriental, Boston",390392782,Sleep Quality,5
"Mandarin Oriental, Boston",390392782,Service,5
"Mandarin Oriental, Boston",390392782,Location,5
"Mandarin Oriental, Boston",390392782,Rooms,5
"Mandarin Oriental, Boston",390317542,Sleep Quality,3
"Mandarin Oriental, Boston",390317542,Service,4
"Mandarin Oriental, Boston",390317542,Location,4
"Mandarin Oriental, Boston",389738857,Value,4
"Mandarin Oriental, Boston",389738857,Sleep Quality,5
"Mandarin Oriental, Boston",389738857,Service,5
"Mandarin Oriental, Boston",389738857,Location,5
"Mandarin Oriental, Boston",389738857,Rooms,5
"Mandarin Oriental, Boston",387389554,Value,5
"Mandarin Oriental, Boston",387389554,Sleep Quality,5
"Mandarin Oriental, Boston",387389554,Service,5
"Mandarin Oriental, Boston",387125771,Value,4
"Mandarin Oriental, Boston",387125771,Sleep Quality,5
"Mandarin Oriental, Boston",387125771,Service,5
"Mandarin Oriental, Boston",385105221,Value,5
"Mandarin Oriental, Boston",385105221,Service,5
"Mandarin Oriental, Boston",385105221,Location,5
"Mandarin Oriental, Boston",384275298,Sleep Quality,4
"Mandarin Oriental, Boston",384275298,Service,3
"Mandarin Oriental, Boston",384275298,Rooms,4
"Mandarin Oriental, Boston",380670407,Service,5
"Mandarin Oriental, Boston",380670407,Rooms,4
"Mandarin Oriental, Boston",378424142,Sleep Quality,4
"Mandarin Oriental, Boston",378424142,Service,5
"Mandarin Oriental, Boston",376842845,Value,5
"Mandarin Oriental, Boston",376842845,Sleep Quality,4
"Mandarin Oriental, Boston",376842845,Service,5
"Mandarin Oriental, Boston",376842845,Location,5
"Mandarin Oriental, Boston",376842845,Rooms,5
"Mandarin Oriental, Boston",374699546,Sleep Quality,5
"Mandarin Oriental, Boston",374699546,Service,5
"Mandarin Oriental, Boston",374080487,Service,5
"Mandarin Oriental, Boston",374080487,Location,5
"Mandarin Oriental, Boston",371936201,Service,5
"Mandarin Oriental, Boston",371936201,Location,5
"Mandarin Oriental, Boston",371936201,Rooms,5
"Mandarin Oriental, Boston",370466432,Service,5
"Mandarin Oriental, Boston",370466432,Location,5
"Mandarin Oriental, Boston",370466432,Rooms,4
"Mandarin Oriental, Boston",369705572,Service,5
"Mandarin Oriental, Boston",369705572,Location,5
"Mandarin Oriental, Boston",368121800,Service,5
"Mandarin Oriental, Boston",368121800,Location,5
"Mandarin Oriental, Boston",368121800,Rooms,5
"Mandarin Oriental, Boston",368106288,Value,3
"Mandarin Oriental, Boston",368106288,Service,4
"Mandarin Oriental, Boston",368106288,Rooms,3
"Mandarin Oriental, Boston",367602241,Sleep Quality,5
"Mandarin Oriental, Boston",367602241,Service,5
"Mandarin Oriental, Boston",367568032,Value,4
"Mandarin Oriental, Boston",367568032,Service,5
"Mandarin Oriental, Boston",367459849,Service,4
"Mandarin Oriental, Boston",367459849,Location,4
"Mandarin Oriental, Boston",367459849,Rooms,5
"Mandarin Oriental, Boston",366340436,Value,5
"Mandarin Oriental, Boston",366340436,Sleep Quality,5
"Mandarin Oriental, Boston",366340436,Service,5
"Mandarin Oriental, Boston",366340436,Location,5
"Mandarin Oriental, Boston",366340436,Rooms,5
"Mandarin Oriental, Boston",364181164,Value,5
"Mandarin Oriental, Boston",364181164,Sleep Quality,5
"Mandarin Oriental, Boston",364181164,Service,5
"Mandarin Oriental, Boston",364181164,Location,5
"Mandarin Oriental, Boston",364181164,Rooms,5
"Mandarin Oriental, Boston",364171612,Value,5
"Mandarin Oriental, Boston",364171612,Sleep Quality,5
"Mandarin Oriental, Boston",364171612,Service,5
"Mandarin Oriental, Boston",362554840,Service,5
"Mandarin Oriental, Boston",362554840,Location,5
"Mandarin Oriental, Boston",362554840,Rooms,5
"Mandarin Oriental, Boston",362141391,Value,4
"Mandarin Oriental, Boston",362141391,Service,5
"Mandarin Oriental, Boston",362141391,Location,5
"Mandarin Oriental, Boston",358564494,Value,5
"Mandarin Oriental, Boston",358564494,Sleep Quality,5
"Mandarin Oriental, Boston",358564494,Service,5
"Mandarin Oriental, Boston",357121199,Sleep Quality,5
"Mandarin Oriental, Boston",357121199,Service,5
"Mandarin Oriental, Boston",355777465,Value,5
"Mandarin Oriental, Boston",355777465,Service,5
"Mandarin Oriental, Boston",355598848,Value,5
"Mandarin Oriental, Boston",355598848,Sleep Quality,5
"Mandarin Oriental, Boston",355598848,Service,5
"Mandarin Oriental, Boston",355598848,Location,5
"Mandarin Oriental, Boston",355598848,Rooms,5
"Mandarin Oriental, Boston",354210936,Value,5
"Mandarin Oriental, Boston",354210936,Sleep Quality,5
"Mandarin Oriental, Boston",354210936,Service,5
"Mandarin Oriental, Boston",354210936,Location,5
"Mandarin Oriental, Boston",354210936,Rooms,5
"Mandarin Oriental, Boston",352611950,Value,5
"Mandarin Oriental, Boston",352611950,Service,5
"Mandarin Oriental, Boston",352611950,Rooms,5
"Mandarin Oriental, Boston",351711593,Value,5
"Mandarin Oriental, Boston",351711593,Service,5
"Mandarin Oriental, Boston",350185332,Sleep Quality,5
"Mandarin Oriental, Boston",350185332,Service,5
"Mandarin Oriental, Boston",350185332,Rooms,4
"Mandarin Oriental, Boston",348412602,Value,5
"Mandarin Oriental, Boston",348412602,Sleep Quality,5
"Mandarin Oriental, Boston",348412602,Service,5
"Mandarin Oriental, Boston",348412602,Location,5
"Mandarin Oriental, Boston",348412602,Rooms,5
"Mandarin Oriental, Boston",347919521,Value,3
"Mandarin Oriental, Boston",347919521,Sleep Quality,4
"Mandarin Oriental, Boston",347919521,Service,5
"Mandarin Oriental, Boston",347919521,Location,5
"Mandarin Oriental, Boston",347919521,Rooms,5
"Mandarin Oriental, Boston",345682738,Service,5
"Mandarin Oriental, Boston",345682738,Location,5
"Mandarin Oriental, Boston",345682738,Rooms,5
"Mandarin Oriental, Boston",345298394,Service,5
"Mandarin Oriental, Boston",345298394,Location,5
"Mandarin Oriental, Boston",345018256,Value,5
"Mandarin Oriental, Boston",345018256,Sleep Quality,5
"Mandarin Oriental, Boston",345018256,Service,5
"Mandarin Oriental, Boston",345018256,Location,5
"Mandarin Oriental, Boston",345018256,Rooms,5
"Mandarin Oriental, Boston",344852759,Value,5
"Mandarin Oriental, Boston",344852759,Sleep Quality,5
"Mandarin Oriental, Boston",344852759,Service,5
"Mandarin Oriental, Boston",344852759,Location,5
"Mandarin Oriental, Boston",344852759,Rooms,5
"Mandarin Oriental, Boston",344038524,Value,4
"Mandarin Oriental, Boston",344038524,Sleep Quality,4
"Mandarin Oriental, Boston",344038524,Service,5
"Mandarin Oriental, Boston",344038524,Location,5
"Mandarin Oriental, Boston",344038524,Rooms,5
"Mandarin Oriental, Boston",342329444,Value,5
"Mandarin Oriental, Boston",342329444,Sleep Quality,5
"Mandarin Oriental, Boston",342329444,Service,5
"Mandarin Oriental, Boston",342329444,Location,5
"Mandarin Oriental, Boston",342329444,Rooms,5
"Mandarin Oriental, Boston",342192696,Sleep Quality,5
"Mandarin Oriental, Boston",342192696,Service,5
"Mandarin Oriental, Boston",342192696,Rooms,5
"Mandarin Oriental, Boston",340570722,Sleep Quality,5
"Mandarin Oriental, Boston",340570722,Service,5
"Mandarin Oriental, Boston",340570722,Rooms,5
"Mandarin Oriental, Boston",339393316,Value,5
"Mandarin Oriental, Boston",339393316,Sleep Quality,5
"Mandarin Oriental, Boston",339393316,Service,5
"Mandarin Oriental, Boston",339393316,Location,5
"Mandarin Oriental, Boston",339393316,Rooms,5
"Mandarin Oriental, Boston",339159867,Service,5
"Mandarin Oriental, Boston",339159867,Rooms,5
"Mandarin Oriental, Boston",338991107,Value,5
"Mandarin Oriental, Boston",338991107,Sleep Quality,5
"Mandarin Oriental, Boston",338991107,Service,5
"Mandarin Oriental, Boston",338991107,Location,5
"Mandarin Oriental, Boston",338991107,Rooms,5
"Mandarin Oriental, Boston",337705631,Sleep Quality,4
"Mandarin Oriental, Boston",337705631,Service,2
"Mandarin Oriental, Boston",337705631,Rooms,4
"Mandarin Oriental, Boston",336930147,Value,4
"Mandarin Oriental, Boston",336930147,Sleep Quality,5
"Mandarin Oriental, Boston",336930147,Service,5
"Mandarin Oriental, Boston",336930147,Location,4
"Mandarin Oriental, Boston",336930147,Rooms,5
"Mandarin Oriental, Boston",335115074,Value,3
"Mandarin Oriental, Boston",335115074,Service,5
"Mandarin Oriental, Boston",334804995,Service,5
"Mandarin Oriental, Boston",333147067,Value,4
"Mandarin Oriental, Boston",333147067,Service,4
"Mandarin Oriental, Boston",332684093,Service,3
"Mandarin Oriental, Boston",331438386,Service,5
"Mandarin Oriental, Boston",329740497,Service,5
"Mandarin Oriental, Boston",329740497,Location,5
"Mandarin Oriental, Boston",329740497,Rooms,5
"Mandarin Oriental, Boston",327250100,Value,5
"Mandarin Oriental, Boston",327250100,Sleep Quality,5
"Mandarin Oriental, Boston",327250100,Service,5
"Mandarin Oriental, Boston",325440799,Sleep Quality,4
"Mandarin Oriental, Boston",325440799,Service,3
"Mandarin Oriental, Boston",324525347,Sleep Quality,4
"Mandarin Oriental, Boston",324525347,Service,3
"Mandarin Oriental, Boston",324525347,Location,4
"Mandarin Oriental, Boston",323807116,Service,3
"Mandarin Oriental, Boston",323807116,Location,5
"Mandarin Oriental, Boston",321823089,Sleep Quality,4
"Mandarin Oriental, Boston",321823089,Service,3
"Mandarin Oriental, Boston",321823089,Rooms,4
"Mandarin Oriental, Boston",321597180,Value,4
"Mandarin Oriental, Boston",321597180,Sleep Quality,5
"Mandarin Oriental, Boston",321597180,Service,5
"Mandarin Oriental, Boston",321597180,Location,5
"Mandarin Oriental, Boston",321597180,Rooms,5
"Mandarin Oriental, Boston",319963682,Service,5
"Mandarin Oriental, Boston",318825875,Service,5
"Mandarin Oriental, Boston",318825875,Rooms,5
"Mandarin Oriental, Boston",318020887,Service,5
"Mandarin Oriental, Boston",318020887,Location,5
"Mandarin Oriental, Boston",317654998,Value,5
"Mandarin Oriental, Boston",317654998,Sleep Quality,5
"Mandarin Oriental, Boston",317654998,Service,5
"Mandarin Oriental, Boston",317654998,Location,5
"Mandarin Oriental, Boston",317654998,Rooms,4
"Mandarin Oriental, Boston",317650313,Service,5
"Mandarin Oriental, Boston",317650313,Location,5
"Mandarin Oriental, Boston",317650313,Rooms,5
"Mandarin Oriental, Boston",317353719,Value,4
"Mandarin Oriental, Boston",317353719,Service,5
"Mandarin Oriental, Boston",317353719,Location,5
"Mandarin Oriental, Boston",316734248,Value,4
"Mandarin Oriental, Boston",316734248,Service,5
"Mandarin Oriental, Boston",314384576,Sleep Quality,5
"Mandarin Oriental, Boston",314384576,Service,5
"Mandarin Oriental, Boston",314384576,Location,5
"Mandarin Oriental, Boston",311035443,Value,5
"Mandarin Oriental, Boston",311035443,Sleep Quality,5
"Mandarin Oriental, Boston",311035443,Service,5
"Mandarin Oriental, Boston",310175923,Value,4
"Mandarin Oriental, Boston",310175923,Sleep Quality,5
"Mandarin Oriental, Boston",310175923,Service,5
"Mandarin Oriental, Boston",310175923,Location,5
"Mandarin Oriental, Boston",310175923,Rooms,5
"Mandarin Oriental, Boston",309999769,Sleep Quality,5
"Mandarin Oriental, Boston",309999769,Service,5
"Mandarin Oriental, Boston",305861261,Service,5
"Mandarin Oriental, Boston",305861261,Rooms,5
"Mandarin Oriental, Boston",300603590,Value,5
"Mandarin Oriental, Boston",300603590,Sleep Quality,5
"Mandarin Oriental, Boston",300603590,Service,5
"Mandarin Oriental, Boston",300603590,Location,5
"Mandarin Oriental, Boston",300603590,Rooms,5
"Mandarin Oriental, Boston",296036859,Service,5
"Mandarin Oriental, Boston",296036859,Location,5
"Mandarin Oriental, Boston",296036859,Rooms,5
"Mandarin Oriental, Boston",294353557,Value,4
"Mandarin Oriental, Boston",294353557,Sleep Quality,5
"Mandarin Oriental, Boston",294353557,Service,5
"Mandarin Oriental, Boston",294353557,Location,5
"Mandarin Oriental, Boston",294353557,Rooms,5
"Mandarin Oriental, Boston",292972994,Value,4
"Mandarin Oriental, Boston",292972994,Sleep Quality,5
"Mandarin Oriental, Boston",292972994,Service,5
"Mandarin Oriental, Boston",292972994,Location,5
"Mandarin Oriental, Boston",292972994,Rooms,5
"Mandarin Oriental, Boston",292759335,Sleep Quality,5
"Mandarin Oriental, Boston",292759335,Service,5
"Mandarin Oriental, Boston",292759335,Location,5
"Mandarin Oriental, Boston",292573663,Value,4
"Mandarin Oriental, Boston",292573663,Sleep Quality,5
"Mandarin Oriental, Boston",292573663,Service,5
"Mandarin Oriental, Boston",292573663,Location,5
"Mandarin Oriental, Boston",292573663,Rooms,5
"Mandarin Oriental, Boston",291084943,Service,4
"Mandarin Oriental, Boston",291084943,Location,5
"Mandarin Oriental, Boston",291084943,Rooms,3
"Mandarin Oriental, Boston",290429028,Value,1
"Mandarin Oriental, Boston",290429028,Sleep Quality,5
"Mandarin Oriental, Boston",290429028,Service,1
"Mandarin Oriental, Boston",290429028,Location,4
"Mandarin Oriental, Boston",290429028,Rooms,1
"Mandarin Oriental, Boston",289976622,Sleep Quality,5
"Mandarin Oriental, Boston",289976622,Service,5
"Mandarin Oriental, Boston",289976622,Location,5
"Mandarin Oriental, Boston",289866080,Service,5
"Mandarin Oriental, Boston",289866080,Rooms,5
"Mandarin Oriental, Boston",289564451,Sleep Quality,5
"Mandarin Oriental, Boston",289564451,Service,5
"Mandarin Oriental, Boston",289564451,Rooms,5
"Mandarin Oriental, Boston",286882962,Sleep Quality,5
"Mandarin Oriental, Boston",286882962,Service,5
"Mandarin Oriental, Boston",286882962,Rooms,5
"Mandarin Oriental, Boston",285208294,Value,5
"Mandarin Oriental, Boston",285208294,Sleep Quality,5
"Mandarin Oriental, Boston",285208294,Service,5
"Mandarin Oriental, Boston",285208294,Location,5
"Mandarin Oriental, Boston",285208294,Rooms,5
"Mandarin Oriental, Boston",285173163,Sleep Quality,5
"Mandarin Oriental, Boston",285173163,Service,3
"Mandarin Oriental, Boston",285173163,Rooms,5
"Mandarin Oriental, Boston",282585859,Value,5
"Mandarin Oriental, Boston",282585859,Service,5
"Mandarin Oriental, Boston",281380911,Value,4
"Mandarin Oriental, Boston",281380911,Sleep Quality,4
"Mandarin Oriental, Boston",281380911,Service,5
"Mandarin Oriental, Boston",281380911,Location,4
"Mandarin Oriental, Boston",281380911,Rooms,5
"Mandarin Oriental, Boston",281351254,Sleep Quality,5
"Mandarin Oriental, Boston",281351254,Service,5
"Mandarin Oriental, Boston",281351254,Rooms,5
"Mandarin Oriental, Boston",280301074,Value,4
"Mandarin Oriental, Boston",280301074,Sleep Quality,5
"Mandarin Oriental, Boston",280301074,Service,4
"Mandarin Oriental, Boston",280301074,Location,5
"Mandarin Oriental, Boston",280301074,Rooms,5
"Mandarin Oriental, Boston",280022226,Sleep Quality,3
"Mandarin Oriental, Boston",280022226,Service,5
"Mandarin Oriental, Boston",280022226,Location,5
"Mandarin Oriental, Boston",279476276,Value,3
"Mandarin Oriental, Boston",279476276,Service,5
"Mandarin Oriental, Boston",279476276,Rooms,5
"Mandarin Oriental, Boston",279330130,Value,5
"Mandarin Oriental, Boston",279330130,Sleep Quality,5
"Mandarin Oriental, Boston",279330130,Service,5
"Mandarin Oriental, Boston",279330130,Location,5
"Mandarin Oriental, Boston",279330130,Rooms,5
"Mandarin Oriental, Boston",279175264,Sleep Quality,5
"Mandarin Oriental, Boston",279175264,Service,5
"Mandarin Oriental, Boston",278638913,Value,5
"Mandarin Oriental, Boston",278638913,Sleep Quality,5
"Mandarin Oriental, Boston",278638913,Service,5
"Mandarin Oriental, Boston",278638913,Location,5
"Mandarin Oriental, Boston",278638913,Rooms,5
"Mandarin Oriental, Boston",277305035,Value,5
"Mandarin Oriental, Boston",277305035,Sleep Quality,5
"Mandarin Oriental, Boston",277305035,Service,4
"Mandarin Oriental, Boston",277305035,Location,5
"Mandarin Oriental, Boston",277305035,Rooms,5
"Mandarin Oriental, Boston",274907505,Value,4
"Mandarin Oriental, Boston",274907505,Sleep Quality,5
"Mandarin Oriental, Boston",274907505,Service,5
"Mandarin Oriental, Boston",274907505,Location,5
"Mandarin Oriental, Boston",274907505,Rooms,5
"Mandarin Oriental, Boston",274846086,Service,5
"Mandarin Oriental, Boston",274846086,Rooms,5
"Mandarin Oriental, Boston",274673975,Value,5
"Mandarin Oriental, Boston",274673975,Sleep Quality,5
"Mandarin Oriental, Boston",274673975,Service,5
"Mandarin Oriental, Boston",274673975,Location,5
"Mandarin Oriental, Boston",274673975,Rooms,5
"Mandarin Oriental, Boston",273760605,Service,5
"Mandarin Oriental, Boston",273760605,Location,5
"Mandarin Oriental, Boston",273760605,Rooms,5
"Mandarin Oriental, Boston",273389739,Value,5
"Mandarin Oriental, Boston",273389739,Service,5
"Mandarin Oriental, Boston",273389739,Location,5
"Mandarin Oriental, Boston",272553741,Value,5
"Mandarin Oriental, Boston",272553741,Sleep Quality,5
"Mandarin Oriental, Boston",272553741,Service,5
"Mandarin Oriental, Boston",272553741,Location,5
"Mandarin Oriental, Boston",272553741,Rooms,5
"Mandarin Oriental, Boston",272338102,Value,4
"Mandarin Oriental, Boston",272338102,Service,5
"Mandarin Oriental, Boston",272338102,Location,5
"Mandarin Oriental, Boston",270948476,Value,5
"Mandarin Oriental, Boston",270948476,Service,5
"Mandarin Oriental, Boston",270948476,Rooms,5
"Mandarin Oriental, Boston",270905007,Value,4
"Mandarin Oriental, Boston",270905007,Sleep Quality,5
"Mandarin Oriental, Boston",270905007,Service,5
"Mandarin Oriental, Boston",270905007,Location,5
"Mandarin Oriental, Boston",270905007,Rooms,5
"Mandarin Oriental, Boston",270565589,Value,4
"Mandarin Oriental, Boston",270565589,Sleep Quality,5
"Mandarin Oriental, Boston",270565589,Service,5
"Mandarin Oriental, Boston",270565589,Location,5
"Mandarin Oriental, Boston",270565589,Rooms,5
"Mandarin Oriental, Boston",269942647,Value,5
"Mandarin Oriental, Boston",269942647,Sleep Quality,5
"Mandarin Oriental, Boston",269942647,Service,5
"Mandarin Oriental, Boston",269942647,Location,5
"Mandarin Oriental, Boston",269942647,Rooms,5
"Mandarin Oriental, Boston",268944028,Sleep Quality,3
"Mandarin Oriental, Boston",268944028,Service,5
"Mandarin Oriental, Boston",268944028,Rooms,3
"Mandarin Oriental, Boston",267889870,Value,5
"Mandarin Oriental, Boston",267889870,Sleep Quality,5
"Mandarin Oriental, Boston",267889870,Service,5
"Mandarin Oriental, Boston",267889870,Location,5
"Mandarin Oriental, Boston",267889870,Rooms,5
"Mandarin Oriental, Boston",267666917,Service,3
"Mandarin Oriental, Boston",267666917,Location,4
"Mandarin Oriental, Boston",267666917,Rooms,3
"Mandarin Oriental, Boston",267639924,Value,4
"Mandarin Oriental, Boston",267639924,Sleep Quality,5
"Mandarin Oriental, Boston",267639924,Service,5
"Mandarin Oriental, Boston",267639924,Location,5
"Mandarin Oriental, Boston",267639924,Rooms,5
"Mandarin Oriental, Boston",267573463,Value,4
"Mandarin Oriental, Boston",267573463,Sleep Quality,5
"Mandarin Oriental, Boston",267573463,Service,5
"Mandarin Oriental, Boston",267573463,Location,5
"Mandarin Oriental, Boston",267573463,Rooms,5
"Mandarin Oriental, Boston",266924822,Value,1
"Mandarin Oriental, Boston",266924822,Service,2
"Mandarin Oriental, Boston",266924822,Location,5
"Mandarin Oriental, Boston",266699587,Service,5
"Mandarin Oriental, Boston",266699587,Location,5
"Mandarin Oriental, Boston",266045003,Value,1
"Mandarin Oriental, Boston",266045003,Sleep Quality,1
"Mandarin Oriental, Boston",266045003,Service,3
"Mandarin Oriental, Boston",264094734,Service,5
"Mandarin Oriental, Boston",264094734,Location,5
"Mandarin Oriental, Boston",262649836,Service,5
"Mandarin Oriental, Boston",262649836,Location,5
"Mandarin Oriental, Boston",260769657,Value,5
"Mandarin Oriental, Boston",260769657,Sleep Quality,5
"Mandarin Oriental, Boston",260769657,Service,5
"Mandarin Oriental, Boston",260769657,Location,5
"Mandarin Oriental, Boston",260769657,Rooms,5
"Mandarin Oriental, Boston",260324859,Value,5
"Mandarin Oriental, Boston",260324859,Sleep Quality,5
"Mandarin Oriental, Boston",260324859,Service,5
"Mandarin Oriental, Boston",260324859,Location,5
"Mandarin Oriental, Boston",260324859,Rooms,5
"Mandarin Oriental, Boston",259134069,Service,5
"Mandarin Oriental, Boston",259134069,Location,5
"Mandarin Oriental, Boston",259095056,Value,4
"Mandarin Oriental, Boston",259095056,Sleep Quality,5
"Mandarin Oriental, Boston",259095056,Service,5
"Mandarin Oriental, Boston",259095056,Location,5
"Mandarin Oriental, Boston",259095056,Rooms,5
"Mandarin Oriental, Boston",258494446,Service,5
"Mandarin Oriental, Boston",258494446,Location,5
"Mandarin Oriental, Boston",256722511,Sleep Quality,5
"Mandarin Oriental, Boston",256722511,Service,5
"Mandarin Oriental, Boston",256347354,Value,5
"Mandarin Oriental, Boston",256347354,Sleep Quality,5
"Mandarin Oriental, Boston",256347354,Service,5
"Mandarin Oriental, Boston",253485153,Service,5
"Mandarin Oriental, Boston",253485153,Rooms,5
"Mandarin Oriental, Boston",252768525,Value,4
"Mandarin Oriental, Boston",252768525,Sleep Quality,5
"Mandarin Oriental, Boston",252768525,Service,5
"Mandarin Oriental, Boston",252768525,Location,5
"Mandarin Oriental, Boston",252768525,Rooms,5
"Mandarin Oriental, Boston",252390249,Value,5
"Mandarin Oriental, Boston",252390249,Sleep Quality,5
"Mandarin Oriental, Boston",252390249,Service,5
"Mandarin Oriental, Boston",252390249,Location,5
"Mandarin Oriental, Boston",252390249,Rooms,5
"Mandarin Oriental, Boston",252387312,Value,5
"Mandarin Oriental, Boston",252387312,Sleep Quality,5
"Mandarin Oriental, Boston",252387312,Service,5
"Mandarin Oriental, Boston",252387312,Location,5
"Mandarin Oriental, Boston",252387312,Rooms,5
"Mandarin Oriental, Boston",251937684,Value,4
"Mandarin Oriental, Boston",251937684,Sleep Quality,5
"Mandarin Oriental, Boston",251937684,Service,5
"Mandarin Oriental, Boston",251937684,Location,5
"Mandarin Oriental, Boston",251937684,Rooms,5
"Mandarin Oriental, Boston",251471498,Service,5
"Mandarin Oriental, Boston",251471498,Location,5
"Mandarin Oriental, Boston",251471498,Rooms,5
"Mandarin Oriental, Boston",250572320,Value,5
"Mandarin Oriental, Boston",250572320,Sleep Quality,5
"Mandarin Oriental, Boston",250572320,Service,5
"Mandarin Oriental, Boston",250572320,Location,5
"Mandarin Oriental, Boston",250572320,Rooms,5
"Mandarin Oriental, Boston",250170200,Value,5
"Mandarin Oriental, Boston",250170200,Sleep Quality,5
"Mandarin Oriental, Boston",250170200,Service,5
"Mandarin Oriental, Boston",250170200,Location,5
"Mandarin Oriental, Boston",250170200,Rooms,5
"Mandarin Oriental, Boston",249952772,Value,5
"Mandarin Oriental, Boston",249952772,Sleep Quality,5
"Mandarin Oriental, Boston",249952772,Service,5
"Mandarin Oriental, Boston",249952772,Location,4
"Mandarin Oriental, Boston",249952772,Rooms,5
"Mandarin Oriental, Boston",249883057,Value,5
"Mandarin Oriental, Boston",249883057,Service,5
"Mandarin Oriental, Boston",249883057,Location,5
"Mandarin Oriental, Boston",249883057,Rooms,5
"Mandarin Oriental, Boston",249436650,Value,5
"Mandarin Oriental, Boston",249436650,Sleep Quality,5
"Mandarin Oriental, Boston",249436650,Service,5
"Mandarin Oriental, Boston",249436650,Location,5
"Mandarin Oriental, Boston",249436650,Rooms,5
"Mandarin Oriental, Boston",248467510,Value,1
"Mandarin Oriental, Boston",248467510,Sleep Quality,4
"Mandarin Oriental, Boston",248467510,Service,3
"Mandarin Oriental, Boston",248467510,Location,4
"Mandarin Oriental, Boston",248467510,Rooms,4
"Mandarin Oriental, Boston",247590609,Service,5
"Mandarin Oriental, Boston",247590609,Location,5
"Mandarin Oriental, Boston",247538676,Value,3
"Mandarin Oriental, Boston",247538676,Sleep Quality,5
"Mandarin Oriental, Boston",247538676,Service,5
"Mandarin Oriental, Boston",247538676,Location,5
"Mandarin Oriental, Boston",247538676,Rooms,5
"Mandarin Oriental, Boston",244856714,Service,5
"Mandarin Oriental, Boston",243754048,Sleep Quality,4
"Mandarin Oriental, Boston",243754048,Service,4
"Mandarin Oriental, Boston",243754048,Location,4
"Mandarin Oriental, Boston",243599306,Value,5
"Mandarin Oriental, Boston",243599306,Service,5
"Mandarin Oriental, Boston",243599306,Location,5
"Mandarin Oriental, Boston",242994006,Value,4
"Mandarin Oriental, Boston",242994006,Sleep Quality,4
"Mandarin Oriental, Boston",242994006,Service,4
"Mandarin Oriental, Boston",242994006,Location,5
"Mandarin Oriental, Boston",242994006,Rooms,4
"Mandarin Oriental, Boston",242622040,Value,3
"Mandarin Oriental, Boston",242622040,Service,3
"Mandarin Oriental, Boston",242622040,Location,5
"Mandarin Oriental, Boston",242473496,Value,4
"Mandarin Oriental, Boston",242473496,Sleep Quality,5
"Mandarin Oriental, Boston",242473496,Service,5
"Mandarin Oriental, Boston",240905139,Sleep Quality,3
"Mandarin Oriental, Boston",240905139,Service,1
"Mandarin Oriental, Boston",240905139,Location,3
"Mandarin Oriental, Boston",240386485,Value,5
"Mandarin Oriental, Boston",240386485,Sleep Quality,5
"Mandarin Oriental, Boston",240386485,Service,5
"Mandarin Oriental, Boston",240386485,Location,5
"Mandarin Oriental, Boston",240386485,Rooms,5
"Mandarin Oriental, Boston",239946793,Value,4
"Mandarin Oriental, Boston",239946793,Sleep Quality,5
"Mandarin Oriental, Boston",239946793,Service,5
"Mandarin Oriental, Boston",239946793,Location,5
"Mandarin Oriental, Boston",239946793,Rooms,5
"Mandarin Oriental, Boston",239516577,Value,3
"Mandarin Oriental, Boston",239516577,Service,5
"Mandarin Oriental, Boston",239516577,Rooms,5
"Mandarin Oriental, Boston",237841496,Value,3
"Mandarin Oriental, Boston",237841496,Service,5
"Mandarin Oriental, Boston",237841496,Location,5
"Mandarin Oriental, Boston",237667657,Value,4
"Mandarin Oriental, Boston",237667657,Service,5
"Mandarin Oriental, Boston",237667657,Rooms,5
"Mandarin Oriental, Boston",237263275,Value,3
"Mandarin Oriental, Boston",237263275,Sleep Quality,5
"Mandarin Oriental, Boston",237263275,Service,5
"Mandarin Oriental, Boston",237263275,Location,4
"Mandarin Oriental, Boston",237263275,Rooms,5
"Mandarin Oriental, Boston",236801148,Value,3
"Mandarin Oriental, Boston",236801148,Sleep Quality,5
"Mandarin Oriental, Boston",236801148,Service,4
"Mandarin Oriental, Boston",236549922,Value,5
"Mandarin Oriental, Boston",236549922,Sleep Quality,5
"Mandarin Oriental, Boston",236549922,Service,5
"Mandarin Oriental, Boston",236549922,Location,5
"Mandarin Oriental, Boston",236549922,Rooms,5
"Mandarin Oriental, Boston",236432179,Value,5
"Mandarin Oriental, Boston",236432179,Sleep Quality,5
"Mandarin Oriental, Boston",236432179,Service,5
"Mandarin Oriental, Boston",236432179,Location,5
"Mandarin Oriental, Boston",236432179,Rooms,5
"Mandarin Oriental, Boston",236429776,Value,5
"Mandarin Oriental, Boston",236429776,Sleep Quality,5
"Mandarin Oriental, Boston",236429776,Service,5
"Mandarin Oriental, Boston",236429776,Location,5
"Mandarin Oriental, Boston",236429776,Rooms,5
"Mandarin Oriental, Boston",236360850,Sleep Quality,5
"Mandarin Oriental, Boston",236360850,Service,5
"Mandarin Oriental, Boston",236360850,Location,5
"Mandarin Oriental, Boston",235904293,Service,5
"Mandarin Oriental, Boston",235904293,Location,5
"Mandarin Oriental, Boston",235267713,Sleep Quality,5
"Mandarin Oriental, Boston",235267713,Service,5
"Mandarin Oriental, Boston",235267713,Rooms,4
"Mandarin Oriental, Boston",235008159,Value,4
"Mandarin Oriental, Boston",235008159,Sleep Quality,5
"Mandarin Oriental, Boston",235008159,Service,5
"Mandarin Oriental, Boston",235008159,Location,5
"Mandarin Oriental, Boston",235008159,Rooms,5
"Mandarin Oriental, Boston",234567575,Value,5
"Mandarin Oriental, Boston",234567575,Sleep Quality,5
"Mandarin Oriental, Boston",234567575,Service,5
"Mandarin Oriental, Boston",234567575,Location,5
"Mandarin Oriental, Boston",234567575,Rooms,5
"Mandarin Oriental, Boston",234547697,Value,5
"Mandarin Oriental, Boston",234547697,Sleep Quality,5
"Mandarin Oriental, Boston",234547697,Service,5
"Mandarin Oriental, Boston",234547697,Location,5
"Mandarin Oriental, Boston",234547697,Rooms,5
"Mandarin Oriental, Boston",234409867,Value,4
"Mandarin Oriental, Boston",234409867,Sleep Quality,5
"Mandarin Oriental, Boston",234409867,Service,5
"Mandarin Oriental, Boston",234409867,Location,5
"Mandarin Oriental, Boston",234409867,Rooms,5
"Mandarin Oriental, Boston",234205373,Value,5
"Mandarin Oriental, Boston",234205373,Service,5
"Mandarin Oriental, Boston",232309466,Service,5
"Mandarin Oriental, Boston",232309466,Location,5
"Mandarin Oriental, Boston",232309466,Rooms,5
"Mandarin Oriental, Boston",232237588,Value,3
"Mandarin Oriental, Boston",232237588,Sleep Quality,5
"Mandarin Oriental, Boston",232237588,Service,5
"Mandarin Oriental, Boston",232237588,Location,5
"Mandarin Oriental, Boston",232237588,Rooms,5
"Mandarin Oriental, Boston",231920138,Sleep Quality,4
"Mandarin Oriental, Boston",231920138,Service,5
"Mandarin Oriental, Boston",231920138,Location,5
"Mandarin Oriental, Boston",230792218,Service,5
"Mandarin Oriental, Boston",230792218,Rooms,5
"Mandarin Oriental, Boston",230728178,Sleep Quality,5
"Mandarin Oriental, Boston",230728178,Service,5
"Mandarin Oriental, Boston",230728178,Location,5
"Mandarin Oriental, Boston",230533043,Value,4
"Mandarin Oriental, Boston",230533043,Sleep Quality,5
"Mandarin Oriental, Boston",230533043,Service,5
"Mandarin Oriental, Boston",230533043,Location,5
"Mandarin Oriental, Boston",230533043,Rooms,5
"Mandarin Oriental, Boston",230310910,Value,4
"Mandarin Oriental, Boston",230310910,Sleep Quality,5
"Mandarin Oriental, Boston",230310910,Service,4
"Mandarin Oriental, Boston",230310910,Location,5
"Mandarin Oriental, Boston",230310910,Rooms,5
"Mandarin Oriental, Boston",229740013,Value,1
"Mandarin Oriental, Boston",229740013,Service,1
"Mandarin Oriental, Boston",229740013,Location,4
"Mandarin Oriental, Boston",229608602,Value,5
"Mandarin Oriental, Boston",229608602,Sleep Quality,5
"Mandarin Oriental, Boston",229608602,Service,5
"Mandarin Oriental, Boston",229608602,Location,5
"Mandarin Oriental, Boston",229608602,Rooms,5
"Mandarin Oriental, Boston",229420060,Value,5
"Mandarin Oriental, Boston",229420060,Sleep Quality,5
"Mandarin Oriental, Boston",229420060,Service,5
"Mandarin Oriental, Boston",229420060,Location,5
"Mandarin Oriental, Boston",229420060,Rooms,5
"Mandarin Oriental, Boston",229342230,Service,5
"Mandarin Oriental, Boston",229342230,Rooms,4
"Mandarin Oriental, Boston",227102946,Value,5
"Mandarin Oriental, Boston",227102946,Sleep Quality,5
"Mandarin Oriental, Boston",227102946,Service,5
"Mandarin Oriental, Boston",227102946,Location,5
"Mandarin Oriental, Boston",227102946,Rooms,5
"Mandarin Oriental, Boston",226303077,Value,5
"Mandarin Oriental, Boston",226303077,Service,5
"Mandarin Oriental, Boston",226303077,Location,5
"Mandarin Oriental, Boston",225670240,Value,4
"Mandarin Oriental, Boston",225670240,Sleep Quality,5
"Mandarin Oriental, Boston",225670240,Service,5
"Mandarin Oriental, Boston",225670240,Location,5
"Mandarin Oriental, Boston",225670240,Rooms,5
"Mandarin Oriental, Boston",224580900,Value,4
"Mandarin Oriental, Boston",224580900,Sleep Quality,5
"Mandarin Oriental, Boston",224580900,Service,5
"Mandarin Oriental, Boston",224580900,Location,5
"Mandarin Oriental, Boston",224580900,Rooms,5
"Mandarin Oriental, Boston",223752479,Service,5
"Mandarin Oriental, Boston",223752479,Rooms,5
"Mandarin Oriental, Boston",223740000,Value,5
"Mandarin Oriental, Boston",223740000,Sleep Quality,5
"Mandarin Oriental, Boston",223740000,Service,5
"Mandarin Oriental, Boston",222764976,Service,5
"Mandarin Oriental, Boston",222764976,Location,5
"Mandarin Oriental, Boston",222764976,Rooms,5
"Mandarin Oriental, Boston",222722785,Value,4
"Mandarin Oriental, Boston",222722785,Service,4
"Mandarin Oriental, Boston",222644744,Value,5
"Mandarin Oriental, Boston",222644744,Sleep Quality,5
"Mandarin Oriental, Boston",222644744,Service,5
"Mandarin Oriental, Boston",222644744,Location,5
"Mandarin Oriental, Boston",222644744,Rooms,5
"Mandarin Oriental, Boston",222525331,Service,5
"Mandarin Oriental, Boston",222455010,Value,3
"Mandarin Oriental, Boston",222455010,Sleep Quality,5
"Mandarin Oriental, Boston",222455010,Service,5
"Mandarin Oriental, Boston",222455010,Location,5
"Mandarin Oriental, Boston",222455010,Rooms,5
"Mandarin Oriental, Boston",221889034,Value,3
"Mandarin Oriental, Boston",221889034,Service,5
"Mandarin Oriental, Boston",221369157,Service,4
"Mandarin Oriental, Boston",221369157,Rooms,5
"Mandarin Oriental, Boston",221073431,Value,3
"Mandarin Oriental, Boston",221073431,Sleep Quality,4
"Mandarin Oriental, Boston",221073431,Service,5
"Mandarin Oriental, Boston",220498617,Value,5
"Mandarin Oriental, Boston",220498617,Sleep Quality,5
"Mandarin Oriental, Boston",220498617,Service,5
"Mandarin Oriental, Boston",220498617,Location,5
"Mandarin Oriental, Boston",220498617,Rooms,5
"Mandarin Oriental, Boston",219289190,Sleep Quality,5
"Mandarin Oriental, Boston",219289190,Service,5
"Mandarin Oriental, Boston",218669151,Value,4
"Mandarin Oriental, Boston",218669151,Sleep Quality,5
"Mandarin Oriental, Boston",218669151,Service,5
"Mandarin Oriental, Boston",218669151,Location,5
"Mandarin Oriental, Boston",218669151,Rooms,5
"Mandarin Oriental, Boston",218104638,Sleep Quality,5
"Mandarin Oriental, Boston",218104638,Service,5
"Mandarin Oriental, Boston",216937843,Value,5
"Mandarin Oriental, Boston",216937843,Sleep Quality,5
"Mandarin Oriental, Boston",216937843,Service,5
"Mandarin Oriental, Boston",216937843,Location,5
"Mandarin Oriental, Boston",216937843,Rooms,5
"Mandarin Oriental, Boston",216812362,Value,5
"Mandarin Oriental, Boston",216812362,Sleep Quality,5
"Mandarin Oriental, Boston",216812362,Service,5
"Mandarin Oriental, Boston",216812362,Location,5
"Mandarin Oriental, Boston",216812362,Rooms,5
"Mandarin Oriental, Boston",215589984,Value,3
"Mandarin Oriental, Boston",215589984,Service,5
"Mandarin Oriental, Boston",215589984,Rooms,4
"Mandarin Oriental, Boston",215289528,Service,5
"Mandarin Oriental, Boston",215289528,Location,5
"Mandarin Oriental, Boston",215289528,Rooms,5
"Mandarin Oriental, Boston",212688010,Value,5
"Mandarin Oriental, Boston",212688010,Sleep Quality,5
"Mandarin Oriental, Boston",212688010,Service,5
"Mandarin Oriental, Boston",212688010,Location,5
"Mandarin Oriental, Boston",212688010,Rooms,5
"Mandarin Oriental, Boston",212186786,Value,4
"Mandarin Oriental, Boston",212186786,Sleep Quality,5
"Mandarin Oriental, Boston",212186786,Service,5
"Mandarin Oriental, Boston",212186786,Location,5
"Mandarin Oriental, Boston",212186786,Rooms,5
"Mandarin Oriental, Boston",212186539,Value,4
"Mandarin Oriental, Boston",212186539,Sleep Quality,5
"Mandarin Oriental, Boston",212186539,Service,5
"Mandarin Oriental, Boston",212186539,Location,5
"Mandarin Oriental, Boston",212186539,Rooms,5
"Mandarin Oriental, Boston",212080364,Value,5
"Mandarin Oriental, Boston",212080364,Sleep Quality,5
"Mandarin Oriental, Boston",212080364,Service,5
"Mandarin Oriental, Boston",212080364,Location,5
"Mandarin Oriental, Boston",212080364,Rooms,5
"Mandarin Oriental, Boston",211853450,Value,5
"Mandarin Oriental, Boston",211853450,Sleep Quality,5
"Mandarin Oriental, Boston",211853450,Service,5
"Mandarin Oriental, Boston",211853450,Location,5
"Mandarin Oriental, Boston",211853450,Rooms,5
"Mandarin Oriental, Boston",211415006,Value,2
"Mandarin Oriental, Boston",211415006,Sleep Quality,3
"Mandarin Oriental, Boston",211415006,Service,2
"Mandarin Oriental, Boston",211415006,Location,5
"Mandarin Oriental, Boston",211415006,Rooms,4
"Mandarin Oriental, Boston",211004335,Sleep Quality,5
"Mandarin Oriental, Boston",211004335,Service,5
"Mandarin Oriental, Boston",211004335,Location,5
"Mandarin Oriental, Boston",211004335,Rooms,5
"Mandarin Oriental, Boston",210335663,Value,3
"Mandarin Oriental, Boston",210335663,Sleep Quality,5
"Mandarin Oriental, Boston",210335663,Service,5
"Mandarin Oriental, Boston",210335663,Location,5
"Mandarin Oriental, Boston",210335663,Rooms,5
"Mandarin Oriental, Boston",209728604,Value,4
"Mandarin Oriental, Boston",209728604,Sleep Quality,5
"Mandarin Oriental, Boston",209728604,Service,5
"Mandarin Oriental, Boston",209728604,Location,5
"Mandarin Oriental, Boston",209728604,Rooms,4
"Mandarin Oriental, Boston",209627705,Value,5
"Mandarin Oriental, Boston",209627705,Service,5
"Mandarin Oriental, Boston",209627705,Rooms,5
"Mandarin Oriental, Boston",209080339,Value,5
"Mandarin Oriental, Boston",209080339,Sleep Quality,5
"Mandarin Oriental, Boston",209080339,Service,5
"Mandarin Oriental, Boston",209080339,Location,5
"Mandarin Oriental, Boston",209080339,Rooms,5
"Mandarin Oriental, Boston",209078851,Value,5
"Mandarin Oriental, Boston",209078851,Sleep Quality,5
"Mandarin Oriental, Boston",209078851,Service,5
"Mandarin Oriental, Boston",209078851,Location,5
"Mandarin Oriental, Boston",209078851,Rooms,5
"Mandarin Oriental, Boston",207741776,Service,5
"Mandarin Oriental, Boston",206008875,Value,4
"Mandarin Oriental, Boston",206008875,Sleep Quality,5
"Mandarin Oriental, Boston",206008875,Service,5
"Mandarin Oriental, Boston",206008875,Location,5
"Mandarin Oriental, Boston",206008875,Rooms,5
"Mandarin Oriental, Boston",205383368,Value,5
"Mandarin Oriental, Boston",205383368,Service,5
"Mandarin Oriental, Boston",205383368,Location,5
"Mandarin Oriental, Boston",205368216,Value,4
"Mandarin Oriental, Boston",205368216,Sleep Quality,5
"Mandarin Oriental, Boston",205368216,Service,5
"Mandarin Oriental, Boston",205368216,Location,5
"Mandarin Oriental, Boston",205368216,Rooms,5
"Mandarin Oriental, Boston",205365345,Value,5
"Mandarin Oriental, Boston",205365345,Sleep Quality,5
"Mandarin Oriental, Boston",205365345,Service,5
"Mandarin Oriental, Boston",205365345,Location,5
"Mandarin Oriental, Boston",205365345,Rooms,5
"Mandarin Oriental, Boston",204515123,Value,4
"Mandarin Oriental, Boston",204515123,Sleep Quality,4
"Mandarin Oriental, Boston",204515123,Service,5
"Mandarin Oriental, Boston",204515123,Location,5
"Mandarin Oriental, Boston",204515123,Rooms,3
"Mandarin Oriental, Boston",204025035,Value,5
"Mandarin Oriental, Boston",204025035,Service,5
"Mandarin Oriental, Boston",204025035,Location,5
"Mandarin Oriental, Boston",204025035,Rooms,5
"Mandarin Oriental, Boston",203868097,Value,5
"Mandarin Oriental, Boston",203868097,Sleep Quality,5
"Mandarin Oriental, Boston",203868097,Service,5
"Mandarin Oriental, Boston",203868097,Location,5
"Mandarin Oriental, Boston",203868097,Rooms,5
"Mandarin Oriental, Boston",203792851,Value,5
"Mandarin Oriental, Boston",203792851,Sleep Quality,5
"Mandarin Oriental, Boston",203792851,Service,5
"Mandarin Oriental, Boston",203792851,Location,5
"Mandarin Oriental, Boston",203792851,Rooms,5
"Mandarin Oriental, Boston",202488765,Value,4
"Mandarin Oriental, Boston",202488765,Sleep Quality,5
"Mandarin Oriental, Boston",202488765,Service,5
"Mandarin Oriental, Boston",202488765,Location,5
"Mandarin Oriental, Boston",202488765,Rooms,5
"Mandarin Oriental, Boston",202399335,Value,2
"Mandarin Oriental, Boston",202399335,Sleep Quality,3
"Mandarin Oriental, Boston",202399335,Service,5
"Mandarin Oriental, Boston",202399335,Location,5
"Mandarin Oriental, Boston",202399335,Rooms,4
"Mandarin Oriental, Boston",202074229,Value,4
"Mandarin Oriental, Boston",202074229,Sleep Quality,5
"Mandarin Oriental, Boston",202074229,Service,5
"Mandarin Oriental, Boston",202074229,Location,4
"Mandarin Oriental, Boston",202074229,Rooms,5
"Mandarin Oriental, Boston",201530189,Value,5
"Mandarin Oriental, Boston",201530189,Sleep Quality,5
"Mandarin Oriental, Boston",201530189,Service,5
"Mandarin Oriental, Boston",201530189,Location,5
"Mandarin Oriental, Boston",201530189,Rooms,5
"Mandarin Oriental, Boston",201460493,Value,5
"Mandarin Oriental, Boston",201460493,Sleep Quality,5
"Mandarin Oriental, Boston",201460493,Service,5
"Mandarin Oriental, Boston",201460493,Location,5
"Mandarin Oriental, Boston",201460493,Rooms,5
"Mandarin Oriental, Boston",199846626,Value,4
"Mandarin Oriental, Boston",199846626,Sleep Quality,5
"Mandarin Oriental, Boston",199846626,Service,4
"Mandarin Oriental, Boston",199846626,Location,5
"Mandarin Oriental, Boston",199846626,Rooms,5
"Mandarin Oriental, Boston",199435873,Value,5
"Mandarin Oriental, Boston",199435873,Service,5
"Mandarin Oriental, Boston",199435873,Location,5
"Mandarin Oriental, Boston",199435873,Rooms,5
"Mandarin Oriental, Boston",198969626,Value,5
"Mandarin Oriental, Boston",198969626,Sleep Quality,5
"Mandarin Oriental, Boston",198969626,Service,5
"Mandarin Oriental, Boston",198969626,Location,5
"Mandarin Oriental, Boston",198969626,Rooms,5
"Mandarin Oriental, Boston",198265869,Value,3
"Mandarin Oriental, Boston",198265869,Sleep Quality,5
"Mandarin Oriental, Boston",198265869,Service,5
"Mandarin Oriental, Boston",198265869,Location,5
"Mandarin Oriental, Boston",198265869,Rooms,5
"Mandarin Oriental, Boston",196377831,Value,5
"Mandarin Oriental, Boston",196377831,Sleep Quality,5
"Mandarin Oriental, Boston",196377831,Service,5
"Mandarin Oriental, Boston",196377831,Location,5
"Mandarin Oriental, Boston",196377831,Rooms,5
"Mandarin Oriental, Boston",195203318,Value,5
"Mandarin Oriental, Boston",195203318,Sleep Quality,5
"Mandarin Oriental, Boston",195203318,Service,5
"Mandarin Oriental, Boston",195203318,Location,5
"Mandarin Oriental, Boston",195203318,Rooms,5
"Mandarin Oriental, Boston",193859826,Value,4
"Mandarin Oriental, Boston",193859826,Sleep Quality,4
"Mandarin Oriental, Boston",193859826,Service,5
"Mandarin Oriental, Boston",193859826,Location,5
"Mandarin Oriental, Boston",193859826,Rooms,5
"Mandarin Oriental, Boston",193062879,Value,4
"Mandarin Oriental, Boston",193062879,Sleep Quality,5
"Mandarin Oriental, Boston",193062879,Service,5
"Mandarin Oriental, Boston",193062879,Location,5
"Mandarin Oriental, Boston",193062879,Rooms,5
"Mandarin Oriental, Boston",187991974,Value,4
"Mandarin Oriental, Boston",187991974,Sleep Quality,5
"Mandarin Oriental, Boston",187991974,Service,5
"Mandarin Oriental, Boston",187991974,Location,5
"Mandarin Oriental, Boston",187991974,Rooms,5
"Mandarin Oriental, Boston",187379530,Value,4
"Mandarin Oriental, Boston",187379530,Sleep Quality,5
"Mandarin Oriental, Boston",187379530,Service,5
"Mandarin Oriental, Boston",187379530,Location,5
"Mandarin Oriental, Boston",187379530,Rooms,4
"Mandarin Oriental, Boston",186799510,Value,5
"Mandarin Oriental, Boston",186799510,Sleep Quality,5
"Mandarin Oriental, Boston",186799510,Service,5
"Mandarin Oriental, Boston",186799510,Location,5
"Mandarin Oriental, Boston",186799510,Rooms,5
"Mandarin Oriental, Boston",186093021,Value,5
"Mandarin Oriental, Boston",186093021,Sleep Quality,5
"Mandarin Oriental, Boston",186093021,Service,5
"Mandarin Oriental, Boston",186093021,Location,5
"Mandarin Oriental, Boston",186093021,Rooms,5
"Mandarin Oriental, Boston",185614969,Value,3
"Mandarin Oriental, Boston",185614969,Sleep Quality,4
"Mandarin Oriental, Boston",185614969,Service,4
"Mandarin Oriental, Boston",185614969,Location,5
"Mandarin Oriental, Boston",185614969,Rooms,4
"Mandarin Oriental, Boston",185407463,Value,3
"Mandarin Oriental, Boston",185407463,Sleep Quality,5
"Mandarin Oriental, Boston",185407463,Service,5
"Mandarin Oriental, Boston",185407463,Location,5
"Mandarin Oriental, Boston",185407463,Rooms,5
"Mandarin Oriental, Boston",184153061,Value,3
"Mandarin Oriental, Boston",184153061,Sleep Quality,5
"Mandarin Oriental, Boston",184153061,Service,5
"Mandarin Oriental, Boston",184153061,Location,5
"Mandarin Oriental, Boston",184153061,Rooms,4
"Mandarin Oriental, Boston",183651688,Value,3
"Mandarin Oriental, Boston",183651688,Sleep Quality,5
"Mandarin Oriental, Boston",183651688,Service,5
"Mandarin Oriental, Boston",183651688,Location,5
"Mandarin Oriental, Boston",183651688,Rooms,5
"Mandarin Oriental, Boston",182493347,Value,4
"Mandarin Oriental, Boston",182493347,Sleep Quality,4
"Mandarin Oriental, Boston",182493347,Service,4
"Mandarin Oriental, Boston",182493347,Location,5
"Mandarin Oriental, Boston",182493347,Rooms,3
"Mandarin Oriental, Boston",182325069,Value,4
"Mandarin Oriental, Boston",182325069,Sleep Quality,5
"Mandarin Oriental, Boston",182325069,Service,5
"Mandarin Oriental, Boston",182325069,Location,5
"Mandarin Oriental, Boston",182325069,Rooms,5
"Mandarin Oriental, Boston",181029089,Value,5
"Mandarin Oriental, Boston",181029089,Sleep Quality,5
"Mandarin Oriental, Boston",181029089,Service,5
"Mandarin Oriental, Boston",181029089,Location,5
"Mandarin Oriental, Boston",181029089,Rooms,5
"Mandarin Oriental, Boston",180827305,Value,4
"Mandarin Oriental, Boston",180827305,Sleep Quality,5
"Mandarin Oriental, Boston",180827305,Service,5
"Mandarin Oriental, Boston",180827305,Location,5
"Mandarin Oriental, Boston",180827305,Rooms,5
"Mandarin Oriental, Boston",180205381,Value,4
"Mandarin Oriental, Boston",180205381,Sleep Quality,5
"Mandarin Oriental, Boston",180205381,Service,5
"Mandarin Oriental, Boston",180205381,Location,5
"Mandarin Oriental, Boston",180205381,Rooms,5
"Mandarin Oriental, Boston",180053114,Value,5
"Mandarin Oriental, Boston",180053114,Sleep Quality,5
"Mandarin Oriental, Boston",180053114,Service,5
"Mandarin Oriental, Boston",180053114,Location,5
"Mandarin Oriental, Boston",180053114,Rooms,5
"Mandarin Oriental, Boston",180047075,Value,5
"Mandarin Oriental, Boston",180047075,Sleep Quality,5
"Mandarin Oriental, Boston",180047075,Service,5
"Mandarin Oriental, Boston",180047075,Location,5
"Mandarin Oriental, Boston",180047075,Rooms,5
"Mandarin Oriental, Boston",179982309,Value,1
"Mandarin Oriental, Boston",179982309,Service,2
"Mandarin Oriental, Boston",179982309,Location,4
"Mandarin Oriental, Boston",179982309,Rooms,4
"Mandarin Oriental, Boston",178502646,Value,5
"Mandarin Oriental, Boston",178502646,Sleep Quality,5
"Mandarin Oriental, Boston",178502646,Service,5
"Mandarin Oriental, Boston",178502646,Location,5
"Mandarin Oriental, Boston",178502646,Rooms,5
"Mandarin Oriental, Boston",178221584,Value,5
"Mandarin Oriental, Boston",178221584,Sleep Quality,5
"Mandarin Oriental, Boston",178221584,Service,5
"Mandarin Oriental, Boston",178221584,Location,5
"Mandarin Oriental, Boston",178221584,Rooms,5
"Mandarin Oriental, Boston",177392232,Value,5
"Mandarin Oriental, Boston",177392232,Sleep Quality,5
"Mandarin Oriental, Boston",177392232,Service,5
"Mandarin Oriental, Boston",177392232,Location,5
"Mandarin Oriental, Boston",177392232,Rooms,5
"Mandarin Oriental, Boston",177283905,Value,4
"Mandarin Oriental, Boston",177283905,Sleep Quality,5
"Mandarin Oriental, Boston",177283905,Service,5
"Mandarin Oriental, Boston",177283905,Location,5
"Mandarin Oriental, Boston",177283905,Rooms,5
"Mandarin Oriental, Boston",175537280,Value,5
"Mandarin Oriental, Boston",175537280,Sleep Quality,5
"Mandarin Oriental, Boston",175537280,Service,5
"Mandarin Oriental, Boston",175537280,Location,5
"Mandarin Oriental, Boston",175537280,Rooms,5
"Mandarin Oriental, Boston",172562789,Value,5
"Mandarin Oriental, Boston",172562789,Sleep Quality,5
"Mandarin Oriental, Boston",172562789,Service,5
"Mandarin Oriental, Boston",172562789,Location,5
"Mandarin Oriental, Boston",172562789,Rooms,5
"Mandarin Oriental, Boston",171742647,Value,2
"Mandarin Oriental, Boston",171742647,Sleep Quality,5
"Mandarin Oriental, Boston",171742647,Service,4
"Mandarin Oriental, Boston",171742647,Location,5
"Mandarin Oriental, Boston",171742647,Rooms,5
"Mandarin Oriental, Boston",171254809,Value,3
"Mandarin Oriental, Boston",171254809,Sleep Quality,3
"Mandarin Oriental, Boston",171254809,Service,5
"Mandarin Oriental, Boston",171254809,Location,5
"Mandarin Oriental, Boston",171254809,Rooms,4
"Mandarin Oriental, Boston",170821282,Value,5
"Mandarin Oriental, Boston",170821282,Sleep Quality,5
"Mandarin Oriental, Boston",170821282,Service,5
"Mandarin Oriental, Boston",170821282,Location,5
"Mandarin Oriental, Boston",170821282,Rooms,5
"Mandarin Oriental, Boston",170720254,Value,2
"Mandarin Oriental, Boston",170720254,Sleep Quality,5
"Mandarin Oriental, Boston",170720254,Service,2
"Mandarin Oriental, Boston",170720254,Location,5
"Mandarin Oriental, Boston",170720254,Rooms,5
"Mandarin Oriental, Boston",170227353,Value,4
"Mandarin Oriental, Boston",170227353,Service,5
"Mandarin Oriental, Boston",170227353,Location,4
"Mandarin Oriental, Boston",170227353,Rooms,5
"Mandarin Oriental, Boston",169766843,Value,4
"Mandarin Oriental, Boston",169766843,Sleep Quality,5
"Mandarin Oriental, Boston",169766843,Service,5
"Mandarin Oriental, Boston",169766843,Location,5
"Mandarin Oriental, Boston",169766843,Rooms,5
"Mandarin Oriental, Boston",169285890,Value,4
"Mandarin Oriental, Boston",169285890,Sleep Quality,5
"Mandarin Oriental, Boston",169285890,Service,5
"Mandarin Oriental, Boston",169285890,Location,5
"Mandarin Oriental, Boston",169285890,Rooms,5
"Mandarin Oriental, Boston",169179780,Value,4
"Mandarin Oriental, Boston",169179780,Sleep Quality,5
"Mandarin Oriental, Boston",169179780,Service,5
"Mandarin Oriental, Boston",169179780,Location,5
"Mandarin Oriental, Boston",169179780,Rooms,4
"Mandarin Oriental, Boston",168501800,Value,5
"Mandarin Oriental, Boston",168501800,Sleep Quality,5
"Mandarin Oriental, Boston",168501800,Service,5
"Mandarin Oriental, Boston",168501800,Location,5
"Mandarin Oriental, Boston",168501800,Rooms,5
"Mandarin Oriental, Boston",167996537,Value,4
"Mandarin Oriental, Boston",167996537,Sleep Quality,5
"Mandarin Oriental, Boston",167996537,Service,5
"Mandarin Oriental, Boston",167996537,Location,5
"Mandarin Oriental, Boston",167996537,Rooms,5
"Mandarin Oriental, Boston",167837457,Value,4
"Mandarin Oriental, Boston",167837457,Sleep Quality,5
"Mandarin Oriental, Boston",167837457,Service,5
"Mandarin Oriental, Boston",167837457,Location,5
"Mandarin Oriental, Boston",167837457,Rooms,5
"Mandarin Oriental, Boston",166344444,Value,4
"Mandarin Oriental, Boston",166344444,Sleep Quality,5
"Mandarin Oriental, Boston",166344444,Service,5
"Mandarin Oriental, Boston",166344444,Location,5
"Mandarin Oriental, Boston",166344444,Rooms,5
"Mandarin Oriental, Boston",166142216,Value,5
"Mandarin Oriental, Boston",166142216,Sleep Quality,5
"Mandarin Oriental, Boston",166142216,Service,5
"Mandarin Oriental, Boston",166142216,Location,5
"Mandarin Oriental, Boston",166142216,Rooms,5
"Mandarin Oriental, Boston",165887520,Value,5
"Mandarin Oriental, Boston",165887520,Sleep Quality,5
"Mandarin Oriental, Boston",165887520,Service,5
"Mandarin Oriental, Boston",165887520,Location,5
"Mandarin Oriental, Boston",165887520,Rooms,5
"Mandarin Oriental, Boston",165234287,Value,5
"Mandarin Oriental, Boston",165234287,Sleep Quality,5
"Mandarin Oriental, Boston",165234287,Service,5
"Mandarin Oriental, Boston",165234287,Location,5
"Mandarin Oriental, Boston",165234287,Rooms,5
"Mandarin Oriental, Boston",164886824,Value,4
"Mandarin Oriental, Boston",164886824,Sleep Quality,5
"Mandarin Oriental, Boston",164886824,Service,5
"Mandarin Oriental, Boston",164886824,Location,5
"Mandarin Oriental, Boston",164886824,Rooms,4
"Mandarin Oriental, Boston",164659195,Value,4
"Mandarin Oriental, Boston",164659195,Sleep Quality,5
"Mandarin Oriental, Boston",164659195,Service,5
"Mandarin Oriental, Boston",164659195,Location,5
"Mandarin Oriental, Boston",164659195,Rooms,5
"Mandarin Oriental, Boston",164445463,Value,5
"Mandarin Oriental, Boston",164445463,Sleep Quality,5
"Mandarin Oriental, Boston",164445463,Service,5
"Mandarin Oriental, Boston",164445463,Location,5
"Mandarin Oriental, Boston",164445463,Rooms,5
"Mandarin Oriental, Boston",164011314,Value,3
"Mandarin Oriental, Boston",164011314,Sleep Quality,5
"Mandarin Oriental, Boston",164011314,Service,2
"Mandarin Oriental, Boston",164011314,Location,5
"Mandarin Oriental, Boston",164011314,Rooms,4
"Mandarin Oriental, Boston",163833203,Value,5
"Mandarin Oriental, Boston",163833203,Sleep Quality,5
"Mandarin Oriental, Boston",163833203,Service,5
"Mandarin Oriental, Boston",163833203,Location,5
"Mandarin Oriental, Boston",163833203,Rooms,5
"Mandarin Oriental, Boston",162208286,Value,5
"Mandarin Oriental, Boston",162208286,Sleep Quality,5
"Mandarin Oriental, Boston",162208286,Service,5
"Mandarin Oriental, Boston",162208286,Location,5
"Mandarin Oriental, Boston",162208286,Rooms,5
"Mandarin Oriental, Boston",161997388,Value,4
"Mandarin Oriental, Boston",161997388,Service,4
"Mandarin Oriental, Boston",161997388,Location,5
"Mandarin Oriental, Boston",161997388,Rooms,4
"Mandarin Oriental, Boston",161533125,Value,4
"Mandarin Oriental, Boston",161533125,Service,5
"Mandarin Oriental, Boston",161533125,Location,5
"Mandarin Oriental, Boston",161533125,Rooms,5
"Mandarin Oriental, Boston",161408415,Value,4
"Mandarin Oriental, Boston",161408415,Sleep Quality,5
"Mandarin Oriental, Boston",161408415,Service,5
"Mandarin Oriental, Boston",161408415,Location,5
"Mandarin Oriental, Boston",161408415,Rooms,5
"Mandarin Oriental, Boston",160838116,Value,1
"Mandarin Oriental, Boston",160838116,Sleep Quality,3
"Mandarin Oriental, Boston",160838116,Service,2
"Mandarin Oriental, Boston",160838116,Location,4
"Mandarin Oriental, Boston",160838116,Rooms,1
"Mandarin Oriental, Boston",160008245,Value,5
"Mandarin Oriental, Boston",160008245,Sleep Quality,5
"Mandarin Oriental, Boston",160008245,Service,5
"Mandarin Oriental, Boston",160008245,Location,5
"Mandarin Oriental, Boston",160008245,Rooms,5
"Mandarin Oriental, Boston",160001250,Value,4
"Mandarin Oriental, Boston",160001250,Sleep Quality,5
"Mandarin Oriental, Boston",160001250,Service,4
"Mandarin Oriental, Boston",160001250,Location,5
"Mandarin Oriental, Boston",160001250,Rooms,5
"Mandarin Oriental, Boston",159994433,Value,5
"Mandarin Oriental, Boston",159994433,Sleep Quality,5
"Mandarin Oriental, Boston",159994433,Service,5
"Mandarin Oriental, Boston",159994433,Location,5
"Mandarin Oriental, Boston",159994433,Rooms,5
"Mandarin Oriental, Boston",159608885,Value,5
"Mandarin Oriental, Boston",159608885,Sleep Quality,5
"Mandarin Oriental, Boston",159608885,Service,5
"Mandarin Oriental, Boston",159608885,Location,5
"Mandarin Oriental, Boston",159608885,Rooms,5
"Mandarin Oriental, Boston",159534008,Value,4
"Mandarin Oriental, Boston",159534008,Sleep Quality,5
"Mandarin Oriental, Boston",159534008,Service,5
"Mandarin Oriental, Boston",159534008,Location,5
"Mandarin Oriental, Boston",159534008,Rooms,5
"Mandarin Oriental, Boston",159489506,Value,2
"Mandarin Oriental, Boston",159489506,Sleep Quality,5
"Mandarin Oriental, Boston",159489506,Service,4
"Mandarin Oriental, Boston",159489506,Location,5
"Mandarin Oriental, Boston",159489506,Rooms,5
"Mandarin Oriental, Boston",157131609,Value,5
"Mandarin Oriental, Boston",157131609,Sleep Quality,5
"Mandarin Oriental, Boston",157131609,Service,5
"Mandarin Oriental, Boston",157131609,Location,5
"Mandarin Oriental, Boston",157131609,Rooms,5
"Mandarin Oriental, Boston",156571703,Value,5
"Mandarin Oriental, Boston",156571703,Service,4
"Mandarin Oriental, Boston",156571703,Location,5
"Mandarin Oriental, Boston",156571703,Rooms,5
"Mandarin Oriental, Boston",156420116,Value,4
"Mandarin Oriental, Boston",156420116,Sleep Quality,5
"Mandarin Oriental, Boston",156420116,Service,5
"Mandarin Oriental, Boston",156420116,Location,5
"Mandarin Oriental, Boston",156420116,Rooms,5
"Mandarin Oriental, Boston",155853090,Value,4
"Mandarin Oriental, Boston",155853090,Service,5
"Mandarin Oriental, Boston",155853090,Location,5
"Mandarin Oriental, Boston",155853090,Rooms,5
"Mandarin Oriental, Boston",155631829,Value,4
"Mandarin Oriental, Boston",155631829,Service,4
"Mandarin Oriental, Boston",155631829,Location,4
"Mandarin Oriental, Boston",155631829,Rooms,4
"Mandarin Oriental, Boston",155624109,Value,4
"Mandarin Oriental, Boston",155624109,Sleep Quality,5
"Mandarin Oriental, Boston",155624109,Service,5
"Mandarin Oriental, Boston",155624109,Location,5
"Mandarin Oriental, Boston",155624109,Rooms,5
"Mandarin Oriental, Boston",154768689,Value,5
"Mandarin Oriental, Boston",154768689,Sleep Quality,5
"Mandarin Oriental, Boston",154768689,Service,5
"Mandarin Oriental, Boston",154768689,Location,5
"Mandarin Oriental, Boston",154768689,Rooms,5
"Mandarin Oriental, Boston",153937888,Value,5
"Mandarin Oriental, Boston",153937888,Sleep Quality,5
"Mandarin Oriental, Boston",153937888,Service,5
"Mandarin Oriental, Boston",153937888,Location,5
"Mandarin Oriental, Boston",153937888,Rooms,5
"Mandarin Oriental, Boston",153087154,Value,3
"Mandarin Oriental, Boston",153087154,Sleep Quality,5
"Mandarin Oriental, Boston",153087154,Service,5
"Mandarin Oriental, Boston",153087154,Location,5
"Mandarin Oriental, Boston",153087154,Rooms,5
"Mandarin Oriental, Boston",152976491,Value,5
"Mandarin Oriental, Boston",152976491,Sleep Quality,5
"Mandarin Oriental, Boston",152976491,Service,5
"Mandarin Oriental, Boston",152976491,Location,5
"Mandarin Oriental, Boston",152976491,Rooms,5
"Mandarin Oriental, Boston",152947537,Value,4
"Mandarin Oriental, Boston",152947537,Sleep Quality,4
"Mandarin Oriental, Boston",152947537,Service,4
"Mandarin Oriental, Boston",152947537,Location,5
"Mandarin Oriental, Boston",152947537,Rooms,4
"Mandarin Oriental, Boston",152856154,Value,4
"Mandarin Oriental, Boston",152856154,Sleep Quality,5
"Mandarin Oriental, Boston",152856154,Service,5
"Mandarin Oriental, Boston",152856154,Location,5
"Mandarin Oriental, Boston",152856154,Rooms,4
"Mandarin Oriental, Boston",152478655,Value,3
"Mandarin Oriental, Boston",152478655,Sleep Quality,5
"Mandarin Oriental, Boston",152478655,Service,5
"Mandarin Oriental, Boston",152478655,Location,5
"Mandarin Oriental, Boston",152478655,Rooms,5
"Mandarin Oriental, Boston",152293085,Value,5
"Mandarin Oriental, Boston",152293085,Sleep Quality,5
"Mandarin Oriental, Boston",152293085,Service,5
"Mandarin Oriental, Boston",152293085,Location,5
"Mandarin Oriental, Boston",152293085,Rooms,5
"Mandarin Oriental, Boston",151126279,Value,4
"Mandarin Oriental, Boston",151126279,Sleep Quality,5
"Mandarin Oriental, Boston",151126279,Service,5
"Mandarin Oriental, Boston",151126279,Location,5
"Mandarin Oriental, Boston",151126279,Rooms,5
"Mandarin Oriental, Boston",149364712,Value,3
"Mandarin Oriental, Boston",149364712,Sleep Quality,5
"Mandarin Oriental, Boston",149364712,Service,5
"Mandarin Oriental, Boston",149364712,Location,5
"Mandarin Oriental, Boston",149364712,Rooms,5
"Mandarin Oriental, Boston",149221285,Value,4
"Mandarin Oriental, Boston",149221285,Sleep Quality,5
"Mandarin Oriental, Boston",149221285,Service,5
"Mandarin Oriental, Boston",149221285,Location,5
"Mandarin Oriental, Boston",149221285,Rooms,5
"Mandarin Oriental, Boston",149021370,Value,4
"Mandarin Oriental, Boston",149021370,Sleep Quality,5
"Mandarin Oriental, Boston",149021370,Service,5
"Mandarin Oriental, Boston",149021370,Location,5
"Mandarin Oriental, Boston",149021370,Rooms,4
"Mandarin Oriental, Boston",148857969,Value,5
"Mandarin Oriental, Boston",148857969,Sleep Quality,5
"Mandarin Oriental, Boston",148857969,Service,5
"Mandarin Oriental, Boston",148857969,Location,5
"Mandarin Oriental, Boston",148857969,Rooms,5
"Mandarin Oriental, Boston",148594426,Value,3
"Mandarin Oriental, Boston",148594426,Sleep Quality,4
"Mandarin Oriental, Boston",148594426,Service,3
"Mandarin Oriental, Boston",148594426,Location,5
"Mandarin Oriental, Boston",148594426,Rooms,4
"Mandarin Oriental, Boston",148458323,Value,3
"Mandarin Oriental, Boston",148458323,Sleep Quality,4
"Mandarin Oriental, Boston",148458323,Service,5
"Mandarin Oriental, Boston",148458323,Location,2
"Mandarin Oriental, Boston",148458323,Rooms,4
"Mandarin Oriental, Boston",147754902,Value,4
"Mandarin Oriental, Boston",147754902,Sleep Quality,5
"Mandarin Oriental, Boston",147754902,Service,5
"Mandarin Oriental, Boston",147754902,Location,4
"Mandarin Oriental, Boston",147754902,Rooms,5
"Mandarin Oriental, Boston",147530264,Value,4
"Mandarin Oriental, Boston",147530264,Sleep Quality,5
"Mandarin Oriental, Boston",147530264,Service,4
"Mandarin Oriental, Boston",147530264,Location,5
"Mandarin Oriental, Boston",147530264,Rooms,5
"Mandarin Oriental, Boston",147348797,Value,4
"Mandarin Oriental, Boston",147348797,Sleep Quality,5
"Mandarin Oriental, Boston",147348797,Service,5
"Mandarin Oriental, Boston",147348797,Location,4
"Mandarin Oriental, Boston",147348797,Rooms,5
"Mandarin Oriental, Boston",147200775,Value,1
"Mandarin Oriental, Boston",147200775,Service,1
"Mandarin Oriental, Boston",147200775,Location,5
"Mandarin Oriental, Boston",147200775,Rooms,4
"Mandarin Oriental, Boston",145814499,Value,5
"Mandarin Oriental, Boston",145814499,Sleep Quality,5
"Mandarin Oriental, Boston",145814499,Service,5
"Mandarin Oriental, Boston",145814499,Location,5
"Mandarin Oriental, Boston",145814499,Rooms,5
"Mandarin Oriental, Boston",145650184,Value,5
"Mandarin Oriental, Boston",145650184,Sleep Quality,5
"Mandarin Oriental, Boston",145650184,Service,5
"Mandarin Oriental, Boston",145650184,Location,5
"Mandarin Oriental, Boston",145650184,Rooms,5
"Mandarin Oriental, Boston",145355788,Value,5
"Mandarin Oriental, Boston",145355788,Sleep Quality,5
"Mandarin Oriental, Boston",145355788,Service,5
"Mandarin Oriental, Boston",145355788,Location,5
"Mandarin Oriental, Boston",145355788,Rooms,5
"Mandarin Oriental, Boston",144995978,Value,4
"Mandarin Oriental, Boston",144995978,Sleep Quality,4
"Mandarin Oriental, Boston",144995978,Service,5
"Mandarin Oriental, Boston",144995978,Location,5
"Mandarin Oriental, Boston",144995978,Rooms,3
"Mandarin Oriental, Boston",144685290,Value,4
"Mandarin Oriental, Boston",144685290,Sleep Quality,3
"Mandarin Oriental, Boston",144685290,Service,5
"Mandarin Oriental, Boston",144685290,Location,5
"Mandarin Oriental, Boston",144685290,Rooms,5
"Mandarin Oriental, Boston",144610519,Value,3
"Mandarin Oriental, Boston",144610519,Sleep Quality,5
"Mandarin Oriental, Boston",144610519,Service,5
"Mandarin Oriental, Boston",144610519,Location,4
"Mandarin Oriental, Boston",144610519,Rooms,4
"Mandarin Oriental, Boston",144350133,Value,4
"Mandarin Oriental, Boston",144350133,Sleep Quality,5
"Mandarin Oriental, Boston",144350133,Service,5
"Mandarin Oriental, Boston",144350133,Location,5
"Mandarin Oriental, Boston",144350133,Rooms,5
"Mandarin Oriental, Boston",144118221,Value,4
"Mandarin Oriental, Boston",144118221,Service,5
"Mandarin Oriental, Boston",144118221,Location,5
"Mandarin Oriental, Boston",144118221,Rooms,5
"Mandarin Oriental, Boston",143731673,Value,5
"Mandarin Oriental, Boston",143731673,Sleep Quality,5
"Mandarin Oriental, Boston",143731673,Service,5
"Mandarin Oriental, Boston",143731673,Location,5
"Mandarin Oriental, Boston",143731673,Rooms,5
"Mandarin Oriental, Boston",143723550,Value,5
"Mandarin Oriental, Boston",143723550,Sleep Quality,5
"Mandarin Oriental, Boston",143723550,Service,5
"Mandarin Oriental, Boston",143723550,Location,5
"Mandarin Oriental, Boston",143723550,Rooms,5
"Mandarin Oriental, Boston",143114608,Value,5
"Mandarin Oriental, Boston",143114608,Service,5
"Mandarin Oriental, Boston",143114608,Location,5
"Mandarin Oriental, Boston",143114608,Rooms,5
"Mandarin Oriental, Boston",143055297,Value,1
"Mandarin Oriental, Boston",143055297,Sleep Quality,3
"Mandarin Oriental, Boston",143055297,Service,2
"Mandarin Oriental, Boston",143055297,Location,4
"Mandarin Oriental, Boston",143055297,Rooms,3
"Mandarin Oriental, Boston",142747214,Value,5
"Mandarin Oriental, Boston",142747214,Service,5
"Mandarin Oriental, Boston",142747214,Location,5
"Mandarin Oriental, Boston",142505841,Value,5
"Mandarin Oriental, Boston",142505841,Service,5
"Mandarin Oriental, Boston",142505841,Location,5
"Mandarin Oriental, Boston",142505841,Rooms,5
"Mandarin Oriental, Boston",142419623,Value,3
"Mandarin Oriental, Boston",142419623,Sleep Quality,5
"Mandarin Oriental, Boston",142419623,Service,5
"Mandarin Oriental, Boston",142419623,Location,5
"Mandarin Oriental, Boston",142419623,Rooms,5
"Mandarin Oriental, Boston",142194465,Value,4
"Mandarin Oriental, Boston",142194465,Sleep Quality,5
"Mandarin Oriental, Boston",142194465,Service,5
"Mandarin Oriental, Boston",142194465,Location,5
"Mandarin Oriental, Boston",142194465,Rooms,5
"Mandarin Oriental, Boston",142170341,Value,5
"Mandarin Oriental, Boston",142170341,Sleep Quality,5
"Mandarin Oriental, Boston",142170341,Service,5
"Mandarin Oriental, Boston",142170341,Location,5
"Mandarin Oriental, Boston",142170341,Rooms,5
"Mandarin Oriental, Boston",141509525,Value,5
"Mandarin Oriental, Boston",141509525,Sleep Quality,5
"Mandarin Oriental, Boston",141509525,Service,5
"Mandarin Oriental, Boston",141509525,Location,5
"Mandarin Oriental, Boston",141509525,Rooms,5
"Mandarin Oriental, Boston",141455797,Value,3
"Mandarin Oriental, Boston",141455797,Sleep Quality,5
"Mandarin Oriental, Boston",141455797,Service,5
"Mandarin Oriental, Boston",141455797,Location,5
"Mandarin Oriental, Boston",141455797,Rooms,5
"Mandarin Oriental, Boston",141231519,Value,4
"Mandarin Oriental, Boston",141231519,Sleep Quality,5
"Mandarin Oriental, Boston",141231519,Service,5
"Mandarin Oriental, Boston",141231519,Location,5
"Mandarin Oriental, Boston",141231519,Rooms,5
"Mandarin Oriental, Boston",140311400,Value,3
"Mandarin Oriental, Boston",140311400,Service,4
"Mandarin Oriental, Boston",140311400,Location,5
"Mandarin Oriental, Boston",140311400,Rooms,5
"Mandarin Oriental, Boston",140005507,Value,3
"Mandarin Oriental, Boston",140005507,Sleep Quality,5
"Mandarin Oriental, Boston",140005507,Service,5
"Mandarin Oriental, Boston",140005507,Location,5
"Mandarin Oriental, Boston",140005507,Rooms,5
"Mandarin Oriental, Boston",139559920,Value,2
"Mandarin Oriental, Boston",139559920,Sleep Quality,3
"Mandarin Oriental, Boston",139559920,Service,3
"Mandarin Oriental, Boston",139559920,Location,5
"Mandarin Oriental, Boston",139559920,Rooms,3
"Mandarin Oriental, Boston",139416641,Value,4
"Mandarin Oriental, Boston",139416641,Sleep Quality,1
"Mandarin Oriental, Boston",139416641,Service,5
"Mandarin Oriental, Boston",139416641,Location,5
"Mandarin Oriental, Boston",139416641,Rooms,5
"Mandarin Oriental, Boston",139338208,Value,5
"Mandarin Oriental, Boston",139338208,Sleep Quality,5
"Mandarin Oriental, Boston",139338208,Service,5
"Mandarin Oriental, Boston",139338208,Location,5
"Mandarin Oriental, Boston",139338208,Rooms,5
"Mandarin Oriental, Boston",139187244,Value,4
"Mandarin Oriental, Boston",139187244,Sleep Quality,5
"Mandarin Oriental, Boston",139187244,Service,5
"Mandarin Oriental, Boston",139187244,Location,5
"Mandarin Oriental, Boston",139187244,Rooms,4
"Mandarin Oriental, Boston",139081412,Value,4
"Mandarin Oriental, Boston",139081412,Sleep Quality,5
"Mandarin Oriental, Boston",139081412,Service,4
"Mandarin Oriental, Boston",139081412,Location,5
"Mandarin Oriental, Boston",139081412,Rooms,5
"Mandarin Oriental, Boston",138942522,Value,3
"Mandarin Oriental, Boston",138942522,Sleep Quality,5
"Mandarin Oriental, Boston",138942522,Service,5
"Mandarin Oriental, Boston",138942522,Location,4
"Mandarin Oriental, Boston",138942522,Rooms,5
"Mandarin Oriental, Boston",138917651,Value,5
"Mandarin Oriental, Boston",138917651,Service,5
"Mandarin Oriental, Boston",138917651,Location,5
"Mandarin Oriental, Boston",138917651,Rooms,5
"Mandarin Oriental, Boston",138448522,Value,4
"Mandarin Oriental, Boston",138448522,Sleep Quality,4
"Mandarin Oriental, Boston",138448522,Service,5
"Mandarin Oriental, Boston",138448522,Location,5
"Mandarin Oriental, Boston",138448522,Rooms,4
"Mandarin Oriental, Boston",137184925,Value,5
"Mandarin Oriental, Boston",137184925,Service,5
"Mandarin Oriental, Boston",137184925,Location,5
"Mandarin Oriental, Boston",137184925,Rooms,5
"Mandarin Oriental, Boston",136879404,Value,3
"Mandarin Oriental, Boston",136879404,Sleep Quality,3
"Mandarin Oriental, Boston",136879404,Service,4
"Mandarin Oriental, Boston",136879404,Location,4
"Mandarin Oriental, Boston",136879404,Rooms,3
"Mandarin Oriental, Boston",136774333,Value,2
"Mandarin Oriental, Boston",136774333,Sleep Quality,3
"Mandarin Oriental, Boston",136774333,Service,4
"Mandarin Oriental, Boston",136774333,Location,4
"Mandarin Oriental, Boston",136774333,Rooms,4
"Mandarin Oriental, Boston",136595074,Value,5
"Mandarin Oriental, Boston",136595074,Sleep Quality,5
"Mandarin Oriental, Boston",136595074,Service,5
"Mandarin Oriental, Boston",136595074,Location,5
"Mandarin Oriental, Boston",136595074,Rooms,5
"Mandarin Oriental, Boston",136494000,Value,3
"Mandarin Oriental, Boston",136494000,Sleep Quality,5
"Mandarin Oriental, Boston",136494000,Service,4
"Mandarin Oriental, Boston",136494000,Location,5
"Mandarin Oriental, Boston",136494000,Rooms,4
"Mandarin Oriental, Boston",136449430,Value,3
"Mandarin Oriental, Boston",136449430,Sleep Quality,4
"Mandarin Oriental, Boston",136449430,Service,4
"Mandarin Oriental, Boston",136449430,Location,5
"Mandarin Oriental, Boston",136449430,Rooms,4
"Mandarin Oriental, Boston",135865517,Value,3
"Mandarin Oriental, Boston",135865517,Sleep Quality,4
"Mandarin Oriental, Boston",135865517,Service,2
"Mandarin Oriental, Boston",135865517,Location,5
"Mandarin Oriental, Boston",135865517,Rooms,5
"Mandarin Oriental, Boston",135817817,Value,4
"Mandarin Oriental, Boston",135817817,Sleep Quality,5
"Mandarin Oriental, Boston",135817817,Service,5
"Mandarin Oriental, Boston",135817817,Location,5
"Mandarin Oriental, Boston",135817817,Rooms,5
"Mandarin Oriental, Boston",135764577,Value,4
"Mandarin Oriental, Boston",135764577,Service,5
"Mandarin Oriental, Boston",135764577,Location,5
"Mandarin Oriental, Boston",135764577,Rooms,5
"Mandarin Oriental, Boston",135734140,Value,3
"Mandarin Oriental, Boston",135734140,Sleep Quality,4
"Mandarin Oriental, Boston",135734140,Service,4
"Mandarin Oriental, Boston",135734140,Location,5
"Mandarin Oriental, Boston",135734140,Rooms,5
"Mandarin Oriental, Boston",133902561,Value,4
"Mandarin Oriental, Boston",133902561,Service,4
"Mandarin Oriental, Boston",133902561,Location,5
"Mandarin Oriental, Boston",133902561,Rooms,4
"Mandarin Oriental, Boston",133886515,Value,4
"Mandarin Oriental, Boston",133886515,Sleep Quality,5
"Mandarin Oriental, Boston",133886515,Service,5
"Mandarin Oriental, Boston",133886515,Location,5
"Mandarin Oriental, Boston",133886515,Rooms,5
"Mandarin Oriental, Boston",133874268,Value,4
"Mandarin Oriental, Boston",133874268,Service,5
"Mandarin Oriental, Boston",133874268,Location,5
"Mandarin Oriental, Boston",133874268,Rooms,5
"Mandarin Oriental, Boston",133214680,Value,5
"Mandarin Oriental, Boston",133214680,Sleep Quality,5
"Mandarin Oriental, Boston",133214680,Service,5
"Mandarin Oriental, Boston",133214680,Location,5
"Mandarin Oriental, Boston",133214680,Rooms,5
"Mandarin Oriental, Boston",133116827,Value,4
"Mandarin Oriental, Boston",133116827,Sleep Quality,5
"Mandarin Oriental, Boston",133116827,Service,5
"Mandarin Oriental, Boston",133116827,Location,5
"Mandarin Oriental, Boston",133116827,Rooms,5
"Mandarin Oriental, Boston",133031663,Value,4
"Mandarin Oriental, Boston",133031663,Sleep Quality,5
"Mandarin Oriental, Boston",133031663,Service,4
"Mandarin Oriental, Boston",133031663,Location,5
"Mandarin Oriental, Boston",133031663,Rooms,5
"Mandarin Oriental, Boston",132986192,Value,5
"Mandarin Oriental, Boston",132986192,Sleep Quality,5
"Mandarin Oriental, Boston",132986192,Service,5
"Mandarin Oriental, Boston",132986192,Location,5
"Mandarin Oriental, Boston",132986192,Rooms,5
"Mandarin Oriental, Boston",132621786,Value,4
"Mandarin Oriental, Boston",132621786,Service,3
"Mandarin Oriental, Boston",132621786,Location,4
"Mandarin Oriental, Boston",132621786,Rooms,4
"Mandarin Oriental, Boston",132319043,Value,4
"Mandarin Oriental, Boston",132319043,Sleep Quality,5
"Mandarin Oriental, Boston",132319043,Service,5
"Mandarin Oriental, Boston",132319043,Location,5
"Mandarin Oriental, Boston",132319043,Rooms,5
"Mandarin Oriental, Boston",131447688,Value,4
"Mandarin Oriental, Boston",131447688,Sleep Quality,5
"Mandarin Oriental, Boston",131447688,Service,5
"Mandarin Oriental, Boston",131447688,Location,5
"Mandarin Oriental, Boston",131447688,Rooms,5
"Mandarin Oriental, Boston",130245595,Value,5
"Mandarin Oriental, Boston",130245595,Service,5
"Mandarin Oriental, Boston",130245595,Location,5
"Mandarin Oriental, Boston",130245595,Rooms,5
"Mandarin Oriental, Boston",129209014,Value,5
"Mandarin Oriental, Boston",129209014,Sleep Quality,5
"Mandarin Oriental, Boston",129209014,Service,5
"Mandarin Oriental, Boston",129209014,Location,5
"Mandarin Oriental, Boston",129209014,Rooms,5
"Mandarin Oriental, Boston",127151875,Value,4
"Mandarin Oriental, Boston",127151875,Service,4
"Mandarin Oriental, Boston",127151875,Location,5
"Mandarin Oriental, Boston",127151875,Rooms,4
"Mandarin Oriental, Boston",127133355,Value,5
"Mandarin Oriental, Boston",127133355,Sleep Quality,5
"Mandarin Oriental, Boston",127133355,Service,5
"Mandarin Oriental, Boston",127133355,Location,5
"Mandarin Oriental, Boston",127133355,Rooms,5
"Mandarin Oriental, Boston",126244599,Value,2
"Mandarin Oriental, Boston",126244599,Sleep Quality,3
"Mandarin Oriental, Boston",126244599,Service,4
"Mandarin Oriental, Boston",126244599,Location,4
"Mandarin Oriental, Boston",126244599,Rooms,3
"Mandarin Oriental, Boston",126169491,Value,4
"Mandarin Oriental, Boston",126169491,Sleep Quality,5
"Mandarin Oriental, Boston",126169491,Service,5
"Mandarin Oriental, Boston",126169491,Location,4
"Mandarin Oriental, Boston",126169491,Rooms,5
"Mandarin Oriental, Boston",125825899,Value,5
"Mandarin Oriental, Boston",125825899,Sleep Quality,5
"Mandarin Oriental, Boston",125825899,Service,5
"Mandarin Oriental, Boston",125825899,Location,5
"Mandarin Oriental, Boston",125825899,Rooms,5
"Mandarin Oriental, Boston",125705532,Value,5
"Mandarin Oriental, Boston",125705532,Sleep Quality,5
"Mandarin Oriental, Boston",125705532,Service,5
"Mandarin Oriental, Boston",125705532,Location,4
"Mandarin Oriental, Boston",125705532,Rooms,5
"Mandarin Oriental, Boston",125676302,Value,4
"Mandarin Oriental, Boston",125676302,Sleep Quality,5
"Mandarin Oriental, Boston",125676302,Service,5
"Mandarin Oriental, Boston",125676302,Location,5
"Mandarin Oriental, Boston",125676302,Rooms,5
"Mandarin Oriental, Boston",125596050,Value,4
"Mandarin Oriental, Boston",125596050,Sleep Quality,5
"Mandarin Oriental, Boston",125596050,Service,5
"Mandarin Oriental, Boston",125596050,Location,5
"Mandarin Oriental, Boston",125596050,Rooms,4
"Mandarin Oriental, Boston",125331528,Value,5
"Mandarin Oriental, Boston",125331528,Sleep Quality,5
"Mandarin Oriental, Boston",125331528,Service,5
"Mandarin Oriental, Boston",125331528,Location,5
"Mandarin Oriental, Boston",124533812,Value,3
"Mandarin Oriental, Boston",124533812,Sleep Quality,3
"Mandarin Oriental, Boston",124533812,Service,5
"Mandarin Oriental, Boston",124533812,Location,5
"Mandarin Oriental, Boston",124533812,Rooms,4
"Mandarin Oriental, Boston",124358512,Value,5
"Mandarin Oriental, Boston",124358512,Sleep Quality,5
"Mandarin Oriental, Boston",124358512,Service,5
"Mandarin Oriental, Boston",124358512,Location,5
"Mandarin Oriental, Boston",124358512,Rooms,5
"Mandarin Oriental, Boston",124355298,Value,4
"Mandarin Oriental, Boston",124355298,Sleep Quality,5
"Mandarin Oriental, Boston",124355298,Service,5
"Mandarin Oriental, Boston",124355298,Location,5
"Mandarin Oriental, Boston",124355298,Rooms,4
"Mandarin Oriental, Boston",124165322,Value,5
"Mandarin Oriental, Boston",124165322,Sleep Quality,5
"Mandarin Oriental, Boston",124165322,Service,5
"Mandarin Oriental, Boston",124165322,Location,5
"Mandarin Oriental, Boston",124165322,Rooms,5
"Mandarin Oriental, Boston",123807053,Value,5
"Mandarin Oriental, Boston",123807053,Service,5
"Mandarin Oriental, Boston",123807053,Location,5
"Mandarin Oriental, Boston",123807053,Rooms,5
"Mandarin Oriental, Boston",123616542,Value,3
"Mandarin Oriental, Boston",123616542,Sleep Quality,5
"Mandarin Oriental, Boston",123616542,Service,5
"Mandarin Oriental, Boston",123616542,Location,5
"Mandarin Oriental, Boston",123616542,Rooms,5
"Mandarin Oriental, Boston",123365328,Value,4
"Mandarin Oriental, Boston",123365328,Sleep Quality,5
"Mandarin Oriental, Boston",123365328,Service,5
"Mandarin Oriental, Boston",123365328,Location,5
"Mandarin Oriental, Boston",123365328,Rooms,5
"Mandarin Oriental, Boston",123059861,Value,5
"Mandarin Oriental, Boston",123059861,Service,5
"Mandarin Oriental, Boston",123059861,Location,5
"Mandarin Oriental, Boston",123059861,Rooms,5
"Mandarin Oriental, Boston",123035422,Value,2
"Mandarin Oriental, Boston",123035422,Sleep Quality,4
"Mandarin Oriental, Boston",123035422,Service,3
"Mandarin Oriental, Boston",123035422,Location,4
"Mandarin Oriental, Boston",123035422,Rooms,3
"Mandarin Oriental, Boston",122812270,Value,3
"Mandarin Oriental, Boston",122812270,Sleep Quality,5
"Mandarin Oriental, Boston",122812270,Service,5
"Mandarin Oriental, Boston",122812270,Location,5
"Mandarin Oriental, Boston",122812270,Rooms,5
"Mandarin Oriental, Boston",122653384,Value,5
"Mandarin Oriental, Boston",122653384,Sleep Quality,5
"Mandarin Oriental, Boston",122653384,Service,5
"Mandarin Oriental, Boston",122653384,Location,5
"Mandarin Oriental, Boston",122653384,Rooms,5
"Mandarin Oriental, Boston",122611889,Value,4
"Mandarin Oriental, Boston",122611889,Sleep Quality,4
"Mandarin Oriental, Boston",122611889,Service,4
"Mandarin Oriental, Boston",122611889,Location,5
"Mandarin Oriental, Boston",122611889,Rooms,4
"Mandarin Oriental, Boston",121137514,Value,5
"Mandarin Oriental, Boston",121137514,Sleep Quality,5
"Mandarin Oriental, Boston",121137514,Service,5
"Mandarin Oriental, Boston",121137514,Location,5
"Mandarin Oriental, Boston",121137514,Rooms,5
"Mandarin Oriental, Boston",121037910,Value,4
"Mandarin Oriental, Boston",121037910,Sleep Quality,5
"Mandarin Oriental, Boston",121037910,Service,4
"Mandarin Oriental, Boston",121037910,Location,5
"Mandarin Oriental, Boston",121037910,Rooms,5
"Mandarin Oriental, Boston",120471623,Value,3
"Mandarin Oriental, Boston",120471623,Sleep Quality,4
"Mandarin Oriental, Boston",120471623,Service,5
"Mandarin Oriental, Boston",120471623,Location,5
"Mandarin Oriental, Boston",120471623,Rooms,4
"Mandarin Oriental, Boston",120294222,Value,5
"Mandarin Oriental, Boston",120294222,Sleep Quality,4
"Mandarin Oriental, Boston",120294222,Service,5
"Mandarin Oriental, Boston",120294222,Location,5
"Mandarin Oriental, Boston",120294222,Rooms,5
"Mandarin Oriental, Boston",119899708,Value,4
"Mandarin Oriental, Boston",119899708,Sleep Quality,5
"Mandarin Oriental, Boston",119899708,Service,5
"Mandarin Oriental, Boston",119899708,Location,5
"Mandarin Oriental, Boston",119899708,Rooms,5
"Mandarin Oriental, Boston",119305903,Value,3
"Mandarin Oriental, Boston",119305903,Sleep Quality,4
"Mandarin Oriental, Boston",119305903,Service,5
"Mandarin Oriental, Boston",119305903,Location,4
"Mandarin Oriental, Boston",119305903,Rooms,5
"Mandarin Oriental, Boston",118706632,Value,1
"Mandarin Oriental, Boston",118706632,Service,1
"Mandarin Oriental, Boston",118706632,Location,5
"Mandarin Oriental, Boston",117276199,Value,4
"Mandarin Oriental, Boston",117276199,Sleep Quality,5
"Mandarin Oriental, Boston",117276199,Service,5
"Mandarin Oriental, Boston",116286100,Value,3
"Mandarin Oriental, Boston",116286100,Sleep Quality,5
"Mandarin Oriental, Boston",116286100,Service,4
"Mandarin Oriental, Boston",115914114,Value,4
"Mandarin Oriental, Boston",115914114,Sleep Quality,5
"Mandarin Oriental, Boston",115914114,Service,5
"Mandarin Oriental, Boston",115893864,Value,3
"Mandarin Oriental, Boston",115893864,Sleep Quality,3
"Mandarin Oriental, Boston",115893864,Service,3
"Mandarin Oriental, Boston",115294801,Value,4
"Mandarin Oriental, Boston",115294801,Service,4
"Mandarin Oriental, Boston",115294801,Location,5
"Mandarin Oriental, Boston",115294801,Rooms,5
"Mandarin Oriental, Boston",114988175,Value,5
"Mandarin Oriental, Boston",114988175,Sleep Quality,5
"Mandarin Oriental, Boston",114988175,Service,5
"Mandarin Oriental, Boston",114840772,Value,5
"Mandarin Oriental, Boston",114840772,Sleep Quality,5
"Mandarin Oriental, Boston",114840772,Service,5
"Mandarin Oriental, Boston",114697343,Value,4
"Mandarin Oriental, Boston",114697343,Sleep Quality,5
"Mandarin Oriental, Boston",114697343,Service,5
"Mandarin Oriental, Boston",114367387,Value,3
"Mandarin Oriental, Boston",114367387,Sleep Quality,5
"Mandarin Oriental, Boston",114367387,Service,5
"Mandarin Oriental, Boston",114262242,Value,4
"Mandarin Oriental, Boston",114262242,Sleep Quality,5
"Mandarin Oriental, Boston",114262242,Service,5
"Mandarin Oriental, Boston",114262242,Location,5
"Mandarin Oriental, Boston",114262242,Rooms,5
"Mandarin Oriental, Boston",113671940,Value,4
"Mandarin Oriental, Boston",113671940,Sleep Quality,5
"Mandarin Oriental, Boston",113671940,Service,5
"Mandarin Oriental, Boston",113148704,Value,4
"Mandarin Oriental, Boston",113148704,Sleep Quality,5
"Mandarin Oriental, Boston",113148704,Service,4
"Mandarin Oriental, Boston",113148704,Location,5
"Mandarin Oriental, Boston",113148704,Rooms,5
"Mandarin Oriental, Boston",111303170,Value,4
"Mandarin Oriental, Boston",111303170,Sleep Quality,2
"Mandarin Oriental, Boston",111303170,Service,5
"Mandarin Oriental, Boston",110226544,Value,4
"Mandarin Oriental, Boston",110226544,Sleep Quality,5
"Mandarin Oriental, Boston",110226544,Service,5
"Mandarin Oriental, Boston",110226544,Location,5
"Mandarin Oriental, Boston",110226544,Rooms,5
"Mandarin Oriental, Boston",108184368,Value,4
"Mandarin Oriental, Boston",108184368,Sleep Quality,5
"Mandarin Oriental, Boston",108184368,Service,5
"Mandarin Oriental, Boston",108184368,Location,5
"Mandarin Oriental, Boston",108184368,Rooms,5
"Mandarin Oriental, Boston",108135972,Value,4
"Mandarin Oriental, Boston",108135972,Sleep Quality,5
"Mandarin Oriental, Boston",108135972,Service,5
"Mandarin Oriental, Boston",108135972,Location,5
"Mandarin Oriental, Boston",108135972,Rooms,5
"Mandarin Oriental, Boston",107739835,Value,5
"Mandarin Oriental, Boston",107739835,Sleep Quality,5
"Mandarin Oriental, Boston",107739835,Service,5
"Mandarin Oriental, Boston",107739835,Location,5
"Mandarin Oriental, Boston",107739835,Rooms,5
"Mandarin Oriental, Boston",102618806,Value,4
"Mandarin Oriental, Boston",102618806,Sleep Quality,5
"Mandarin Oriental, Boston",102618806,Service,5
"Mandarin Oriental, Boston",102618806,Location,4
"Mandarin Oriental, Boston",102618806,Rooms,5
"Mandarin Oriental, Boston",101640411,Value,3
"Mandarin Oriental, Boston",101640411,Sleep Quality,5
"Mandarin Oriental, Boston",101640411,Service,5
"Mandarin Oriental, Boston",101640411,Location,5
"Mandarin Oriental, Boston",101640411,Rooms,5
"Mandarin Oriental, Boston",100884610,Value,5
"Mandarin Oriental, Boston",100884610,Sleep Quality,5
"Mandarin Oriental, Boston",100884610,Service,5
"Mandarin Oriental, Boston",100884610,Location,5
"Mandarin Oriental, Boston",100884610,Rooms,5
"Mandarin Oriental, Boston",99051905,Value,5
"Mandarin Oriental, Boston",99051905,Sleep Quality,5
"Mandarin Oriental, Boston",99051905,Service,5
"Mandarin Oriental, Boston",99051905,Location,5
"Mandarin Oriental, Boston",99051905,Rooms,5
"Mandarin Oriental, Boston",98415185,Value,3
"Mandarin Oriental, Boston",98415185,Sleep Quality,4
"Mandarin Oriental, Boston",98415185,Service,5
"Mandarin Oriental, Boston",98415185,Location,5
"Mandarin Oriental, Boston",98415185,Rooms,5
"Mandarin Oriental, Boston",95241153,Value,5
"Mandarin Oriental, Boston",95241153,Sleep Quality,5
"Mandarin Oriental, Boston",95241153,Service,5
"Mandarin Oriental, Boston",95241153,Location,5
"Mandarin Oriental, Boston",95241153,Rooms,5
"Mandarin Oriental, Boston",91337126,Value,4
"Mandarin Oriental, Boston",91337126,Sleep Quality,5
"Mandarin Oriental, Boston",91337126,Service,3
"Mandarin Oriental, Boston",91337126,Location,5
"Mandarin Oriental, Boston",91337126,Rooms,5
"Mandarin Oriental, Boston",91223540,Value,4
"Mandarin Oriental, Boston",91223540,Sleep Quality,5
"Mandarin Oriental, Boston",91223540,Service,5
"Mandarin Oriental, Boston",91223540,Location,5
"Mandarin Oriental, Boston",91223540,Rooms,5
"Mandarin Oriental, Boston",87298999,Value,4
"Mandarin Oriental, Boston",87298999,Sleep Quality,5
"Mandarin Oriental, Boston",87298999,Service,5
"Mandarin Oriental, Boston",87298999,Location,5
"Mandarin Oriental, Boston",87298999,Rooms,5
"Mandarin Oriental, Boston",87135733,Value,3
"Mandarin Oriental, Boston",87135733,Sleep Quality,4
"Mandarin Oriental, Boston",87135733,Service,2
"Mandarin Oriental, Boston",87135733,Location,4
"Mandarin Oriental, Boston",87135733,Rooms,4
"Mandarin Oriental, Boston",85365757,Value,2
"Mandarin Oriental, Boston",85365757,Sleep Quality,4
"Mandarin Oriental, Boston",85365757,Service,3
"Mandarin Oriental, Boston",85365757,Location,5
"Mandarin Oriental, Boston",85365757,Rooms,4
"Mandarin Oriental, Boston",84982346,Value,4
"Mandarin Oriental, Boston",84982346,Sleep Quality,5
"Mandarin Oriental, Boston",84982346,Service,2
"Mandarin Oriental, Boston",84982346,Location,5
"Mandarin Oriental, Boston",84982346,Rooms,5
"Mandarin Oriental, Boston",84220276,Value,4
"Mandarin Oriental, Boston",84220276,Sleep Quality,5
"Mandarin Oriental, Boston",84220276,Service,4
"Mandarin Oriental, Boston",84220276,Location,4
"Mandarin Oriental, Boston",84220276,Rooms,5
"Mandarin Oriental, Boston",83254654,Value,4
"Mandarin Oriental, Boston",83254654,Sleep Quality,5
"Mandarin Oriental, Boston",83254654,Service,5
"Mandarin Oriental, Boston",83254654,Location,5
"Mandarin Oriental, Boston",83254654,Rooms,4
"Mandarin Oriental, Boston",79835166,Value,5
"Mandarin Oriental, Boston",79835166,Sleep Quality,4
"Mandarin Oriental, Boston",79835166,Service,4
"Mandarin Oriental, Boston",79835166,Location,5
"Mandarin Oriental, Boston",79835166,Rooms,4
"Mandarin Oriental, Boston",79012021,Value,4
"Mandarin Oriental, Boston",79012021,Sleep Quality,5
"Mandarin Oriental, Boston",79012021,Service,5
"Mandarin Oriental, Boston",79012021,Location,4
"Mandarin Oriental, Boston",79012021,Rooms,5
"Mandarin Oriental, Boston",77201298,Value,3
"Mandarin Oriental, Boston",77201298,Sleep Quality,3
"Mandarin Oriental, Boston",77201298,Service,5
"Mandarin Oriental, Boston",77201298,Location,5
"Mandarin Oriental, Boston",77201298,Rooms,5
"Mandarin Oriental, Boston",73405181,Value,4
"Mandarin Oriental, Boston",73405181,Sleep Quality,5
"Mandarin Oriental, Boston",73405181,Service,5
"Mandarin Oriental, Boston",73405181,Location,5
"Mandarin Oriental, Boston",73405181,Rooms,5
"Mandarin Oriental, Boston",70907069,Value,5
"Mandarin Oriental, Boston",70907069,Sleep Quality,5
"Mandarin Oriental, Boston",70907069,Service,5
"Mandarin Oriental, Boston",70907069,Location,5
"Mandarin Oriental, Boston",70907069,Rooms,5
"Mandarin Oriental, Boston",70590187,Value,4
"Mandarin Oriental, Boston",70590187,Sleep Quality,5
"Mandarin Oriental, Boston",70590187,Service,5
"Mandarin Oriental, Boston",70590187,Location,5
"Mandarin Oriental, Boston",70590187,Rooms,4
"Mandarin Oriental, Boston",69799090,Value,5
"Mandarin Oriental, Boston",69799090,Sleep Quality,5
"Mandarin Oriental, Boston",69799090,Service,5
"Mandarin Oriental, Boston",69799090,Location,5
"Mandarin Oriental, Boston",69799090,Rooms,5
"Mandarin Oriental, Boston",64922927,Value,5
"Mandarin Oriental, Boston",64922927,Sleep Quality,4
"Mandarin Oriental, Boston",64922927,Service,5
"Mandarin Oriental, Boston",64922927,Location,5
"Mandarin Oriental, Boston",64922927,Rooms,5
"Mandarin Oriental, Boston",63941126,Value,4
"Mandarin Oriental, Boston",63941126,Sleep Quality,5
"Mandarin Oriental, Boston",63941126,Service,5
"Mandarin Oriental, Boston",63941126,Location,5
"Mandarin Oriental, Boston",63941126,Rooms,5
"Mandarin Oriental, Boston",62023545,Value,5
"Mandarin Oriental, Boston",62023545,Sleep Quality,5
"Mandarin Oriental, Boston",62023545,Service,5
"Mandarin Oriental, Boston",62023545,Location,5
"Mandarin Oriental, Boston",62023545,Rooms,5
"Mandarin Oriental, Boston",57062412,Value,4
"Mandarin Oriental, Boston",57062412,Sleep Quality,5
"Mandarin Oriental, Boston",57062412,Service,4
"Mandarin Oriental, Boston",57062412,Location,5
"Mandarin Oriental, Boston",57062412,Rooms,5
"Mandarin Oriental, Boston",57045942,Value,3
"Mandarin Oriental, Boston",57045942,Sleep Quality,5
"Mandarin Oriental, Boston",57045942,Service,4
"Mandarin Oriental, Boston",57045942,Location,5
"Mandarin Oriental, Boston",57045942,Rooms,2
"Mandarin Oriental, Boston",56398600,Value,1
"Mandarin Oriental, Boston",56398600,Sleep Quality,1
"Mandarin Oriental, Boston",56398600,Service,3
"Mandarin Oriental, Boston",56398600,Location,5
"Mandarin Oriental, Boston",56398600,Rooms,1
"Mandarin Oriental, Boston",56275070,Value,5
"Mandarin Oriental, Boston",56275070,Sleep Quality,5
"Mandarin Oriental, Boston",56275070,Service,5
"Mandarin Oriental, Boston",56275070,Location,5
"Mandarin Oriental, Boston",56275070,Rooms,5
"Mandarin Oriental, Boston",51696026,Value,5
"Mandarin Oriental, Boston",51696026,Service,5
"Mandarin Oriental, Boston",51696026,Location,5
"Mandarin Oriental, Boston",51696026,Rooms,5
"Mandarin Oriental, Boston",47973525,Value,1
"Mandarin Oriental, Boston",47973525,Service,1
"Mandarin Oriental, Boston",47973525,Location,3
"Mandarin Oriental, Boston",47973525,Rooms,1
"Mandarin Oriental, Boston",47723921,Value,5
"Mandarin Oriental, Boston",47723921,Service,5
"Mandarin Oriental, Boston",47723921,Location,5
"Mandarin Oriental, Boston",47723921,Rooms,5
"Mandarin Oriental, Boston",45689317,Value,5
"Mandarin Oriental, Boston",45689317,Service,5
"Mandarin Oriental, Boston",45689317,Location,5
"Mandarin Oriental, Boston",45689317,Rooms,5
"Mandarin Oriental, Boston",41663764,Value,3
"Mandarin Oriental, Boston",41663764,Service,5
"Mandarin Oriental, Boston",41663764,Location,5
"Mandarin Oriental, Boston",41663764,Rooms,4
"Mandarin Oriental, Boston",41152758,Value,5
"Mandarin Oriental, Boston",41152758,Service,5
"Mandarin Oriental, Boston",41152758,Location,5
"Mandarin Oriental, Boston",41152758,Rooms,5
"Mandarin Oriental, Boston",36388095,Value,5
"Mandarin Oriental, Boston",36388095,Service,5
"Mandarin Oriental, Boston",36388095,Location,5
"Mandarin Oriental, Boston",36388095,Rooms,5
"Mandarin Oriental, Boston",35973184,Value,5
"Mandarin Oriental, Boston",35973184,Service,5
"Mandarin Oriental, Boston",35973184,Location,5
"Mandarin Oriental, Boston",35973184,Rooms,5
"Mandarin Oriental, Boston",34870012,Value,5
"Mandarin Oriental, Boston",34870012,Service,5
"Mandarin Oriental, Boston",34870012,Location,5
"Mandarin Oriental, Boston",34870012,Rooms,5
"Mandarin Oriental, Boston",33847607,Value,5
"Mandarin Oriental, Boston",33847607,Service,5
"Mandarin Oriental, Boston",33847607,Location,5
"Mandarin Oriental, Boston",33847607,Rooms,5
"Mandarin Oriental, Boston",31665084,Value,5
"Mandarin Oriental, Boston",31665084,Service,5
"Mandarin Oriental, Boston",31665084,Location,5
"Mandarin Oriental, Boston",31665084,Rooms,5
"Mandarin Oriental, Boston",30911657,Value,5
"Mandarin Oriental, Boston",30911657,Service,5
"Mandarin Oriental, Boston",30911657,Location,5
"Mandarin Oriental, Boston",30911657,Rooms,3
"Mandarin Oriental, Boston",27067894,Value,5
"Mandarin Oriental, Boston",27067894,Service,5
"Mandarin Oriental, Boston",27067894,Location,5
"Mandarin Oriental, Boston",27067894,Rooms,5
"Mandarin Oriental, Boston",24238184,Value,4
"Mandarin Oriental, Boston",24238184,Service,5
"Mandarin Oriental, Boston",24238184,Location,5
"Mandarin Oriental, Boston",24238184,Rooms,5
"Mandarin Oriental, Boston",23263410,Value,5
"Mandarin Oriental, Boston",23263410,Service,5
"Mandarin Oriental, Boston",23263410,Location,5
"Mandarin Oriental, Boston",23263410,Rooms,5
"Mandarin Oriental, Boston",22330689,Value,4
"Mandarin Oriental, Boston",22330689,Service,5
"Mandarin Oriental, Boston",22330689,Location,5
"Mandarin Oriental, Boston",22330689,Rooms,5
"Mandarin Oriental, Boston",21437402,Value,2
"Mandarin Oriental, Boston",21437402,Service,4
"Mandarin Oriental, Boston",21437402,Location,1
"Mandarin Oriental, Boston",21437402,Rooms,3
"Mandarin Oriental, Boston",21330948,Value,2
"Mandarin Oriental, Boston",21330948,Rooms,3
"Mandarin Oriental, Boston",21047568,Value,3
"Mandarin Oriental, Boston",21047568,Service,5
"Mandarin Oriental, Boston",21047568,Location,5
"Mandarin Oriental, Boston",21047568,Rooms,5
